"ctry_code";"techn_field_nr";"RCA_Gen";"RCA_AI";"Period"
"AR";"1";0,415442498249686;NA;"1979"
"AT";"1";0,530700897887392;NA;"1979"
"AU";"1";0,541881519456112;NA;"1979"
"BB";"1";0;NA;"1979"
"BE";"1";0,471958542164321;NA;"1979"
"BG";"1";0,524074105565859;NA;"1979"
"BR";"1";0,690642321093626;NA;"1979"
"BS";"1";0;NA;"1979"
"CA";"1";0,712509250729448;NA;"1979"
"CH";"1";0,689122627428389;NA;"1979"
"CS";"1";0,430829257444119;NA;"1979"
"DD";"1";1,16323899509912;NA;"1979"
"DE";"1";0,810676028170973;NA;"1979"
"DK";"1";0,372236478431719;NA;"1979"
"ES";"1";0,567433656145913;NA;"1979"
"FI";"1";0,349240344948928;NA;"1979"
"FR";"1";0,654321934743256;NA;"1979"
"GB";"1";0,621831251834883;NA;"1979"
"HK";"1";1,4540487438739;NA;"1979"
"HU";"1";0,812052607639459;NA;"1979"
"IE";"1";0,553923330999582;NA;"1979"
"IL";"1";0,382644406282606;NA;"1979"
"IN";"1";0,957227080045788;NA;"1979"
"IR";"1";0;NA;"1979"
"IT";"1";0,415279515708199;NA;"1979"
"JP";"1";1,19410025102796;NA;"1979"
"KR";"1";0,72942379230638;NA;"1979"
"LI";"1";0,727024371936951;NA;"1979"
"LU";"1";0,247497658531728;NA;"1979"
"LY";"1";0;NA;"1979"
"MX";"1";0,718048762406865;NA;"1979"
"MY";"1";11,6323899509912;NA;"1979"
"NL";"1";0,826812030830258;NA;"1979"
"NO";"1";0,353836956684143;NA;"1979"
"NZ";"1";0,275322839076715;NA;"1979"
"PL";"1";0,775492663399414;NA;"1979"
"RO";"1";0,739996878185632;NA;"1979"
"SE";"1";0,674818518557679;NA;"1979"
"SG";"1";3,32353998599749;NA;"1979"
"ST";"1";3,87746331699707;NA;"1979"
"SU";"1";1,21734313440606;NA;"1979"
"TW";"1";0,434855699102475;NA;"1979"
"US";"1";0,745929859930755;NA;"1979"
"ZA";"1";0,492063872715364;NA;"1979"
"PE";"1";0;NA;"1979"
"GR";"1";0;NA;"1979"
"VE";"1";0;NA;"1979"
"CR";"1";0;NA;"1979"
"ID";"1";0;NA;"1979"
"IS";"1";0;NA;"1979"
"KY";"1";0;NA;"1979"
"MU";"1";0;NA;"1979"
"PK";"1";0;NA;"1979"
"RU";"1";0;NA;"1979"
"YU";"1";0;NA;"1979"
"TR";"1";0;NA;"1979"
"GT";"1";0;NA;"1979"
"CO";"1";0;NA;"1979"
"CZ";"1";0;NA;"1979"
"KP";"1";0;NA;"1979"
"MC";"1";0;NA;"1979"
"BM";"1";0;NA;"1979"
"IQ";"1";0;NA;"1979"
"KE";"1";0;NA;"1979"
"LB";"1";0;NA;"1979"
"PA";"1";0;NA;"1979"
"PT";"1";0;NA;"1979"
"BO";"1";0;NA;"1979"
"EG";"1";0;NA;"1979"
"CU";"1";0;NA;"1979"
"BH";"1";0;NA;"1979"
"TT";"1";0;NA;"1979"
"NG";"1";0;NA;"1979"
"SV";"1";0;NA;"1979"
"VN";"1";0;NA;"1979"
"CL";"1";0;NA;"1979"
"MA";"1";0;NA;"1979"
"SN";"1";0;NA;"1979"
"EC";"1";0;NA;"1979"
"SA";"1";0;NA;"1979"
"CN";"1";0;NA;"1979"
"PY";"1";0;NA;"1979"
"TH";"1";0;NA;"1979"
"TZ";"1";0;NA;"1979"
"HT";"1";0;NA;"1979"
"PH";"1";0;NA;"1979"
"LA";"1";0;NA;"1979"
"AE";"1";0;NA;"1979"
"AR";"2";0;NA;"1979"
"AT";"2";0,565907458608975;NA;"1979"
"AU";"2";0,384459564118319;NA;"1979"
"BB";"2";0;NA;"1979"
"BE";"2";0,288249559685893;NA;"1979"
"BG";"2";0,448110932098263;NA;"1979"
"BR";"2";0,471223241169287;NA;"1979"
"BS";"2";0;NA;"1979"
"CA";"2";0,505674319631945;NA;"1979"
"CH";"2";0,553320758253283;NA;"1979"
"CS";"2";0;NA;"1979"
"DD";"2";0;NA;"1979"
"DE";"2";0,48645899066487;NA;"1979"
"DK";"2";0,386485009626845;NA;"1979"
"ES";"2";0,294576989044851;NA;"1979"
"FI";"2";0,111571884996202;NA;"1979"
"FR";"2";0,406459595460925;NA;"1979"
"GB";"2";0,499290149642663;NA;"1979"
"HK";"2";0;NA;"1979"
"HU";"2";0,350394387694329;NA;"1979"
"IE";"2";0;NA;"1979"
"IL";"2";0,31783306712734;NA;"1979"
"IN";"2";0,604963118825563;NA;"1979"
"IR";"2";0;NA;"1979"
"IT";"2";0,379055521407263;NA;"1979"
"JP";"2";1,3634326652366;NA;"1979"
"KR";"2";0,770631551098632;NA;"1979"
"LI";"2";0;NA;"1979"
"LU";"2";0,256971415975296;NA;"1979"
"LY";"2";0;NA;"1979"
"MX";"2";0,149106870998011;NA;"1979"
"MY";"2";0;NA;"1979"
"NL";"2";0,82885878290071;NA;"1979"
"NO";"2";0,183690593929109;NA;"1979"
"NZ";"2";0,28586169351098;NA;"1979"
"PL";"2";0,224082307075313;NA;"1979"
"RO";"2";0,0562187271567366;NA;"1979"
"SE";"2";0,230701610804847;NA;"1979"
"SG";"2";0;NA;"1979"
"ST";"2";0;NA;"1979"
"SU";"2";0,035109466717555;NA;"1979"
"TW";"2";0,451501179470613;NA;"1979"
"US";"2";0,632816166127371;NA;"1979"
"ZA";"2";0,163487736728784;NA;"1979"
"PE";"2";8,05177103389261;NA;"1979"
"GR";"2";0;NA;"1979"
"VE";"2";0;NA;"1979"
"CR";"2";0;NA;"1979"
"ID";"2";0;NA;"1979"
"IS";"2";0;NA;"1979"
"KY";"2";0;NA;"1979"
"MU";"2";0;NA;"1979"
"PK";"2";0;NA;"1979"
"RU";"2";0;NA;"1979"
"YU";"2";0;NA;"1979"
"TR";"2";0;NA;"1979"
"GT";"2";0;NA;"1979"
"CO";"2";0;NA;"1979"
"CZ";"2";0;NA;"1979"
"KP";"2";0;NA;"1979"
"MC";"2";0;NA;"1979"
"BM";"2";0;NA;"1979"
"IQ";"2";0;NA;"1979"
"KE";"2";0;NA;"1979"
"LB";"2";0;NA;"1979"
"PA";"2";0;NA;"1979"
"PT";"2";0;NA;"1979"
"BO";"2";0;NA;"1979"
"EG";"2";0;NA;"1979"
"CU";"2";0;NA;"1979"
"BH";"2";0;NA;"1979"
"TT";"2";0;NA;"1979"
"NG";"2";0;NA;"1979"
"SV";"2";0;NA;"1979"
"VN";"2";0;NA;"1979"
"CL";"2";0;NA;"1979"
"MA";"2";0;NA;"1979"
"SN";"2";0;NA;"1979"
"EC";"2";0;NA;"1979"
"SA";"2";0;NA;"1979"
"CN";"2";0;NA;"1979"
"PY";"2";0;NA;"1979"
"TH";"2";0;NA;"1979"
"TZ";"2";0;NA;"1979"
"HT";"2";0;NA;"1979"
"PH";"2";0;NA;"1979"
"LA";"2";0;NA;"1979"
"AE";"2";0;NA;"1979"
"AR";"3";0;NA;"1979"
"AT";"3";1,19376822406561;NA;"1979"
"AU";"3";0,179746258555382;NA;"1979"
"BB";"3";0;NA;"1979"
"BE";"3";1,00461349975844;NA;"1979"
"BG";"3";0,483403686677051;NA;"1979"
"BR";"3";1,23173795129416;NA;"1979"
"BS";"3";0;NA;"1979"
"CA";"3";0,840397457047392;NA;"1979"
"CH";"3";0,3657396224634;NA;"1979"
"CS";"3";0;NA;"1979"
"DD";"3";0;NA;"1979"
"DE";"3";0,823137349229692;NA;"1979"
"DK";"3";0,404095734142834;NA;"1979"
"ES";"3";1,53999898682483;NA;"1979"
"FI";"3";0,145819765496115;NA;"1979"
"FR";"3";0,708300816055649;NA;"1979"
"GB";"3";0,390030629592603;NA;"1979"
"HK";"3";0;NA;"1979"
"HU";"3";0,763251235537236;NA;"1979"
"IE";"3";0;NA;"1979"
"IL";"3";1,66157785420573;NA;"1979"
"IN";"3";0,828311917779364;NA;"1979"
"IR";"3";0;NA;"1979"
"IT";"3";0,544950602634756;NA;"1979"
"JP";"3";1,23599264711336;NA;"1979"
"KR";"3";0,740916270888952;NA;"1979"
"LI";"3";0;NA;"1979"
"LU";"3";0,447801123828496;NA;"1979"
"LY";"3";0;NA;"1979"
"MX";"3";0,25983521999925;NA;"1979"
"MY";"3";0;NA;"1979"
"NL";"3";0,825358934115266;NA;"1979"
"NO";"3";0,320101183573221;NA;"1979"
"NZ";"3";0,996291257748605;NA;"1979"
"PL";"3";0,622133762601979;NA;"1979"
"RO";"3";0,19593470429734;NA;"1979"
"SE";"3";0,37224359426847;NA;"1979"
"SG";"3";0;NA;"1979"
"ST";"3";0;NA;"1979"
"SU";"3";0,0611821302905212;NA;"1979"
"TW";"3";0,786790759623899;NA;"1979"
"US";"3";0,64573740324366;NA;"1979"
"ZA";"3";0,142447734821924;NA;"1979"
"PE";"3";0;NA;"1979"
"GR";"3";0;NA;"1979"
"VE";"3";0;NA;"1979"
"CR";"3";0;NA;"1979"
"ID";"3";0;NA;"1979"
"IS";"3";0;NA;"1979"
"KY";"3";0;NA;"1979"
"MU";"3";0;NA;"1979"
"PK";"3";0;NA;"1979"
"RU";"3";0;NA;"1979"
"YU";"3";0;NA;"1979"
"TR";"3";0;NA;"1979"
"GT";"3";0;NA;"1979"
"CO";"3";0;NA;"1979"
"CZ";"3";0;NA;"1979"
"KP";"3";0;NA;"1979"
"MC";"3";0;NA;"1979"
"BM";"3";0;NA;"1979"
"IQ";"3";0;NA;"1979"
"KE";"3";0;NA;"1979"
"LB";"3";0;NA;"1979"
"PA";"3";0;NA;"1979"
"PT";"3";0;NA;"1979"
"BO";"3";0;NA;"1979"
"EG";"3";0;NA;"1979"
"CU";"3";0;NA;"1979"
"BH";"3";0;NA;"1979"
"TT";"3";0;NA;"1979"
"NG";"3";0;NA;"1979"
"SV";"3";0;NA;"1979"
"VN";"3";0;NA;"1979"
"CL";"3";0;NA;"1979"
"MA";"3";0;NA;"1979"
"SN";"3";0;NA;"1979"
"EC";"3";0;NA;"1979"
"SA";"3";0;NA;"1979"
"CN";"3";0;NA;"1979"
"PY";"3";0;NA;"1979"
"TH";"3";0;NA;"1979"
"TZ";"3";0;NA;"1979"
"HT";"3";0;NA;"1979"
"PH";"3";0;NA;"1979"
"LA";"3";0;NA;"1979"
"AE";"3";0;NA;"1979"
"AR";"4";0;NA;"1979"
"AT";"4";0,434596208487808;NA;"1979"
"AU";"4";0,0684117867010117;NA;"1979"
"BB";"4";0;NA;"1979"
"BE";"4";1,26178111605112;NA;"1979"
"BG";"4";0,311358237706371;NA;"1979"
"BR";"4";0,149473081036307;NA;"1979"
"BS";"4";0;NA;"1979"
"CA";"4";0,375754291133915;NA;"1979"
"CH";"4";0,487204319823318;NA;"1979"
"CS";"4";0;NA;"1979"
"DD";"4";0;NA;"1979"
"DE";"4";0,737239277723861;NA;"1979"
"DK";"4";0,28196602006689;NA;"1979"
"ES";"4";0;NA;"1979"
"FI";"4";0,20349741633003;NA;"1979"
"FR";"4";2,37231026498585;NA;"1979"
"GB";"4";0,879259684813002;NA;"1979"
"HK";"4";0;NA;"1979"
"HU";"4";0,319544447038633;NA;"1979"
"IE";"4";0;NA;"1979"
"IL";"4";0;NA;"1979"
"IN";"4";0,315257178071209;NA;"1979"
"IR";"4";0;NA;"1979"
"IT";"4";0,760500740666876;NA;"1979"
"JP";"4";1,27228051433752;NA;"1979"
"KR";"4";0;NA;"1979"
"LI";"4";0;NA;"1979"
"LU";"4";0;NA;"1979"
"LY";"4";0;NA;"1979"
"MX";"4";0;NA;"1979"
"MY";"4";0;NA;"1979"
"NL";"4";0,863866483048069;NA;"1979"
"NO";"4";0;NA;"1979"
"NZ";"4";0;NA;"1979"
"PL";"4";0,304798174207526;NA;"1979"
"RO";"4";0,13671742633189;NA;"1979"
"SE";"4";0,374026379643027;NA;"1979"
"SG";"4";0;NA;"1979"
"ST";"4";0;NA;"1979"
"SU";"4";0;NA;"1979"
"TW";"4";3,29399556152908;NA;"1979"
"US";"4";0,700422098656331;NA;"1979"
"ZA";"4";0;NA;"1979"
"PE";"4";0;NA;"1979"
"GR";"4";0;NA;"1979"
"VE";"4";0;NA;"1979"
"CR";"4";0;NA;"1979"
"ID";"4";0;NA;"1979"
"IS";"4";0;NA;"1979"
"KY";"4";0;NA;"1979"
"MU";"4";0;NA;"1979"
"PK";"4";0;NA;"1979"
"RU";"4";0;NA;"1979"
"YU";"4";0;NA;"1979"
"TR";"4";0;NA;"1979"
"GT";"4";0;NA;"1979"
"CO";"4";0;NA;"1979"
"CZ";"4";0;NA;"1979"
"KP";"4";0;NA;"1979"
"MC";"4";0;NA;"1979"
"BM";"4";0;NA;"1979"
"IQ";"4";0;NA;"1979"
"KE";"4";0;NA;"1979"
"LB";"4";0;NA;"1979"
"PA";"4";0;NA;"1979"
"PT";"4";0;NA;"1979"
"BO";"4";0;NA;"1979"
"EG";"4";0;NA;"1979"
"CU";"4";0;NA;"1979"
"BH";"4";0;NA;"1979"
"TT";"4";0;NA;"1979"
"NG";"4";0;NA;"1979"
"SV";"4";0;NA;"1979"
"VN";"4";0;NA;"1979"
"CL";"4";0;NA;"1979"
"MA";"4";0;NA;"1979"
"SN";"4";0;NA;"1979"
"EC";"4";0;NA;"1979"
"SA";"4";0;NA;"1979"
"CN";"4";0;NA;"1979"
"PY";"4";0;NA;"1979"
"TH";"4";0;NA;"1979"
"TZ";"4";0;NA;"1979"
"HT";"4";0;NA;"1979"
"PH";"4";0;NA;"1979"
"LA";"4";0;NA;"1979"
"AE";"4";0;NA;"1979"
"AR";"5";0;NA;"1979"
"AT";"5";0,316135330716851;NA;"1979"
"AU";"5";0,2985858927151;NA;"1979"
"BB";"5";0;NA;"1979"
"BE";"5";0,244759668936865;NA;"1979"
"BG";"5";0,815361052615653;NA;"1979"
"BR";"5";0,195714315428524;NA;"1979"
"BS";"5";0;NA;"1979"
"CA";"5";0,427392416673338;NA;"1979"
"CH";"5";0,405032785483991;NA;"1979"
"CS";"5";0;NA;"1979"
"DD";"5";1,02554301284547;NA;"1979"
"DE";"5";0,675136955531293;NA;"1979"
"DK";"5";0,164086882055274;NA;"1979"
"ES";"5";0;NA;"1979"
"FI";"5";0;NA;"1979"
"FR";"5";0,640964383028416;NA;"1979"
"GB";"5";0,402030404180332;NA;"1979"
"HK";"5";0;NA;"1979"
"HU";"5";0,697332057691839;NA;"1979"
"IE";"5";0;NA;"1979"
"IL";"5";0;NA;"1979"
"IN";"5";0,550380865570017;NA;"1979"
"IR";"5";0;NA;"1979"
"IT";"5";0,281632055312603;NA;"1979"
"JP";"5";1,24306002415992;NA;"1979"
"KR";"5";0,676926081086116;NA;"1979"
"LI";"5";0;NA;"1979"
"LU";"5";0;NA;"1979"
"LY";"5";0;NA;"1979"
"MX";"5";0,3165256212486;NA;"1979"
"MY";"5";0;NA;"1979"
"NL";"5";1,00543432631908;NA;"1979"
"NO";"5";0;NA;"1979"
"NZ";"5";0,30341509255783;NA;"1979"
"PL";"5";1,25774143084821;NA;"1979"
"RO";"5";0,238683400972568;NA;"1979"
"SE";"5";0,108830174691772;NA;"1979"
"SG";"5";0;NA;"1979"
"ST";"5";0;NA;"1979"
"SU";"5";0,298122968850426;NA;"1979"
"TW";"5";0;NA;"1979"
"US";"5";0,810234404157772;NA;"1979"
"ZA";"5";0,0867633682610377;NA;"1979"
"PE";"5";0;NA;"1979"
"GR";"5";0;NA;"1979"
"VE";"5";2,44176907820349;NA;"1979"
"CR";"5";0;NA;"1979"
"ID";"5";0;NA;"1979"
"IS";"5";0;NA;"1979"
"KY";"5";0;NA;"1979"
"MU";"5";0;NA;"1979"
"PK";"5";0;NA;"1979"
"RU";"5";0;NA;"1979"
"YU";"5";0;NA;"1979"
"TR";"5";0;NA;"1979"
"GT";"5";0;NA;"1979"
"CO";"5";0;NA;"1979"
"CZ";"5";0;NA;"1979"
"KP";"5";0;NA;"1979"
"MC";"5";0;NA;"1979"
"BM";"5";0;NA;"1979"
"IQ";"5";0;NA;"1979"
"KE";"5";0;NA;"1979"
"LB";"5";0;NA;"1979"
"PA";"5";0;NA;"1979"
"PT";"5";0;NA;"1979"
"BO";"5";0;NA;"1979"
"EG";"5";0;NA;"1979"
"CU";"5";0;NA;"1979"
"BH";"5";0;NA;"1979"
"TT";"5";0;NA;"1979"
"NG";"5";0;NA;"1979"
"SV";"5";0;NA;"1979"
"VN";"5";0;NA;"1979"
"CL";"5";0;NA;"1979"
"MA";"5";0;NA;"1979"
"SN";"5";0;NA;"1979"
"EC";"5";0;NA;"1979"
"SA";"5";0;NA;"1979"
"CN";"5";0;NA;"1979"
"PY";"5";0;NA;"1979"
"TH";"5";0;NA;"1979"
"TZ";"5";0;NA;"1979"
"HT";"5";0;NA;"1979"
"PH";"5";0;NA;"1979"
"LA";"5";0;NA;"1979"
"AE";"5";0;NA;"1979"
"AR";"6";0;NA;"1979"
"AT";"6";0,129117911702956;NA;"1979"
"AU";"6";0,216800468718627;NA;"1979"
"BB";"6";0;NA;"1979"
"BE";"6";0,0833051920374678;NA;"1979"
"BG";"6";1,29505721685102;NA;"1979"
"BR";"6";0,222041192517169;NA;"1979"
"BS";"6";0;NA;"1979"
"CA";"6";0,351822741638369;NA;"1979"
"CH";"6";0,234353429258643;NA;"1979"
"CS";"6";0;NA;"1979"
"DD";"6";0;NA;"1979"
"DE";"6";0,256953130440384;NA;"1979"
"DK";"6";0,111695601483837;NA;"1979"
"ES";"6";0;NA;"1979"
"FI";"6";0,161223443250342;NA;"1979"
"FR";"6";0,805497126085361;NA;"1979"
"GB";"6";0,422938619303552;NA;"1979"
"HK";"6";0;NA;"1979"
"HU";"6";0,443035590654384;NA;"1979"
"IE";"6";0;NA;"1979"
"IL";"6";0,229637338576967;NA;"1979"
"IN";"6";0,312208188405179;NA;"1979"
"IR";"6";0;NA;"1979"
"IT";"6";0,246484016613018;NA;"1979"
"JP";"6";1,40943334670211;NA;"1979"
"KR";"6";0,230395217582172;NA;"1979"
"LI";"6";0;NA;"1979"
"LU";"6";0;NA;"1979"
"LY";"6";0;NA;"1979"
"MX";"6";0;NA;"1979"
"MY";"6";0;NA;"1979"
"NL";"6";0,25665349605661;NA;"1979"
"NO";"6";0,13271815765665;NA;"1979"
"NZ";"6";0;NA;"1979"
"PL";"6";0,477472353041165;NA;"1979"
"RO";"6";0,108316137978895;NA;"1979"
"SE";"6";0,148163602958751;NA;"1979"
"SG";"6";0;NA;"1979"
"ST";"6";0;NA;"1979"
"SU";"6";0,0507338306158416;NA;"1979"
"TW";"6";0;NA;"1979"
"US";"6";0,66657882038133;NA;"1979"
"ZA";"6";0,295303514921311;NA;"1979"
"PE";"6";0;NA;"1979"
"GR";"6";0;NA;"1979"
"VE";"6";0;NA;"1979"
"CR";"6";0;NA;"1979"
"ID";"6";0;NA;"1979"
"IS";"6";0;NA;"1979"
"KY";"6";0;NA;"1979"
"MU";"6";0;NA;"1979"
"PK";"6";0;NA;"1979"
"RU";"6";0;NA;"1979"
"YU";"6";0;NA;"1979"
"TR";"6";0;NA;"1979"
"GT";"6";0;NA;"1979"
"CO";"6";0;NA;"1979"
"CZ";"6";0;NA;"1979"
"KP";"6";0;NA;"1979"
"MC";"6";0;NA;"1979"
"BM";"6";0;NA;"1979"
"IQ";"6";0;NA;"1979"
"KE";"6";0;NA;"1979"
"LB";"6";0;NA;"1979"
"PA";"6";0;NA;"1979"
"PT";"6";0;NA;"1979"
"BO";"6";0;NA;"1979"
"EG";"6";0;NA;"1979"
"CU";"6";0;NA;"1979"
"BH";"6";0;NA;"1979"
"TT";"6";0;NA;"1979"
"NG";"6";0;NA;"1979"
"SV";"6";0;NA;"1979"
"VN";"6";0;NA;"1979"
"CL";"6";0;NA;"1979"
"MA";"6";0;NA;"1979"
"SN";"6";0;NA;"1979"
"EC";"6";0;NA;"1979"
"SA";"6";0;NA;"1979"
"CN";"6";0;NA;"1979"
"PY";"6";0;NA;"1979"
"TH";"6";0;NA;"1979"
"TZ";"6";0;NA;"1979"
"HT";"6";0;NA;"1979"
"PH";"6";0;NA;"1979"
"LA";"6";0;NA;"1979"
"AE";"6";0;NA;"1979"
"AR";"7";0;NA;"1979"
"AT";"7";0;NA;"1979"
"AU";"7";0;NA;"1979"
"BB";"7";0;NA;"1979"
"BE";"7";0;NA;"1979"
"BG";"7";0;NA;"1979"
"BR";"7";0;NA;"1979"
"BS";"7";0;NA;"1979"
"CA";"7";0,676402968386758;NA;"1979"
"CH";"7";0,689092202588326;NA;"1979"
"CS";"7";0;NA;"1979"
"DD";"7";0;NA;"1979"
"DE";"7";0,282913065403042;NA;"1979"
"DK";"7";0;NA;"1979"
"ES";"7";0;NA;"1979"
"FI";"7";0;NA;"1979"
"FR";"7";0;NA;"1979"
"GB";"7";0;NA;"1979"
"HK";"7";0;NA;"1979"
"HU";"7";0;NA;"1979"
"IE";"7";0;NA;"1979"
"IL";"7";0;NA;"1979"
"IN";"7";0;NA;"1979"
"IR";"7";0;NA;"1979"
"IT";"7";0;NA;"1979"
"JP";"7";1,40722944450833;NA;"1979"
"KR";"7";0;NA;"1979"
"LI";"7";0;NA;"1979"
"LU";"7";0;NA;"1979"
"LY";"7";0;NA;"1979"
"MX";"7";0;NA;"1979"
"MY";"7";0;NA;"1979"
"NL";"7";0;NA;"1979"
"NO";"7";0;NA;"1979"
"NZ";"7";0;NA;"1979"
"PL";"7";0;NA;"1979"
"RO";"7";0;NA;"1979"
"SE";"7";0,617184809675855;NA;"1979"
"SG";"7";0;NA;"1979"
"ST";"7";0;NA;"1979"
"SU";"7";0;NA;"1979"
"TW";"7";0;NA;"1979"
"US";"7";0,803403719606408;NA;"1979"
"ZA";"7";0;NA;"1979"
"PE";"7";0;NA;"1979"
"GR";"7";0;NA;"1979"
"VE";"7";0;NA;"1979"
"CR";"7";0;NA;"1979"
"ID";"7";0;NA;"1979"
"IS";"7";0;NA;"1979"
"KY";"7";0;NA;"1979"
"MU";"7";0;NA;"1979"
"PK";"7";0;NA;"1979"
"RU";"7";0;NA;"1979"
"YU";"7";0;NA;"1979"
"TR";"7";0;NA;"1979"
"GT";"7";0;NA;"1979"
"CO";"7";0;NA;"1979"
"CZ";"7";0;NA;"1979"
"KP";"7";0;NA;"1979"
"MC";"7";0;NA;"1979"
"BM";"7";0;NA;"1979"
"IQ";"7";0;NA;"1979"
"KE";"7";0;NA;"1979"
"LB";"7";0;NA;"1979"
"PA";"7";0;NA;"1979"
"PT";"7";0;NA;"1979"
"BO";"7";0;NA;"1979"
"EG";"7";0;NA;"1979"
"CU";"7";0;NA;"1979"
"BH";"7";0;NA;"1979"
"TT";"7";0;NA;"1979"
"NG";"7";0;NA;"1979"
"SV";"7";0;NA;"1979"
"VN";"7";0;NA;"1979"
"CL";"7";0;NA;"1979"
"MA";"7";0;NA;"1979"
"SN";"7";0;NA;"1979"
"EC";"7";0;NA;"1979"
"SA";"7";0;NA;"1979"
"CN";"7";0;NA;"1979"
"PY";"7";0;NA;"1979"
"TH";"7";0;NA;"1979"
"TZ";"7";0;NA;"1979"
"HT";"7";0;NA;"1979"
"PH";"7";0;NA;"1979"
"LA";"7";0;NA;"1979"
"AE";"7";0;NA;"1979"
"AR";"8";0;NA;"1979"
"AT";"8";0,087292937214735;NA;"1979"
"AU";"8";0,0961882772841713;NA;"1979"
"BB";"8";0;NA;"1979"
"BE";"8";0,084480396278222;NA;"1979"
"BG";"8";0,218887811204969;NA;"1979"
"BR";"8";0,0900694301286897;NA;"1979"
"BS";"8";0;NA;"1979"
"CA";"8";0,185254259177268;NA;"1979"
"CH";"8";0,167759649481398;NA;"1979"
"CS";"8";0;NA;"1979"
"DD";"8";0;NA;"1979"
"DE";"8";0,284684360424913;NA;"1979"
"DK";"8";0;NA;"1979"
"ES";"8";0;NA;"1979"
"FI";"8";0,0817489285001733;NA;"1979"
"FR";"8";0,510537779431371;NA;"1979"
"GB";"8";0,176607984521757;NA;"1979"
"HK";"8";0;NA;"1979"
"HU";"8";0,192550966675839;NA;"1979"
"IE";"8";0;NA;"1979"
"IL";"8";0;NA;"1979"
"IN";"8";0;NA;"1979"
"IR";"8";0;NA;"1979"
"IT";"8";0,180527547480375;NA;"1979"
"JP";"8";1,49384234483778;NA;"1979"
"KR";"8";0,467290904826073;NA;"1979"
"LI";"8";1,47488691835729;NA;"1979"
"LU";"8";0;NA;"1979"
"LY";"8";0;NA;"1979"
"MX";"8";0;NA;"1979"
"MY";"8";0;NA;"1979"
"NL";"8";0,347032216084069;NA;"1979"
"NO";"8";0;NA;"1979"
"NZ";"8";0;NA;"1979"
"PL";"8";0,178099552405409;NA;"1979"
"RO";"8";0,192227309762626;NA;"1979"
"SE";"8";0,0751268893680404;NA;"1979"
"SG";"8";0;NA;"1979"
"ST";"8";0;NA;"1979"
"SU";"8";0,257247718318133;NA;"1979"
"TW";"8";0;NA;"1979"
"US";"8";0,488972034101441;NA;"1979"
"ZA";"8";0,0598938850094332;NA;"1979"
"PE";"8";0;NA;"1979"
"GR";"8";0;NA;"1979"
"VE";"8";0;NA;"1979"
"CR";"8";0;NA;"1979"
"ID";"8";0;NA;"1979"
"IS";"8";0;NA;"1979"
"KY";"8";0;NA;"1979"
"MU";"8";0;NA;"1979"
"PK";"8";0;NA;"1979"
"RU";"8";0;NA;"1979"
"YU";"8";0;NA;"1979"
"TR";"8";0;NA;"1979"
"GT";"8";0;NA;"1979"
"CO";"8";0;NA;"1979"
"CZ";"8";0;NA;"1979"
"KP";"8";0;NA;"1979"
"MC";"8";0;NA;"1979"
"BM";"8";0;NA;"1979"
"IQ";"8";0;NA;"1979"
"KE";"8";0;NA;"1979"
"LB";"8";0;NA;"1979"
"PA";"8";0;NA;"1979"
"PT";"8";0;NA;"1979"
"BO";"8";0;NA;"1979"
"EG";"8";0;NA;"1979"
"CU";"8";0;NA;"1979"
"BH";"8";0;NA;"1979"
"TT";"8";0;NA;"1979"
"NG";"8";0;NA;"1979"
"SV";"8";0;NA;"1979"
"VN";"8";0;NA;"1979"
"CL";"8";0;NA;"1979"
"MA";"8";0;NA;"1979"
"SN";"8";0;NA;"1979"
"EC";"8";0;NA;"1979"
"SA";"8";0;NA;"1979"
"CN";"8";0;NA;"1979"
"PY";"8";0;NA;"1979"
"TH";"8";0;NA;"1979"
"TZ";"8";0;NA;"1979"
"HT";"8";0;NA;"1979"
"PH";"8";0;NA;"1979"
"LA";"8";0;NA;"1979"
"AE";"8";0;NA;"1979"
"AR";"9";0;NA;"1979"
"AT";"9";0,571044139180025;NA;"1979"
"AU";"9";0,309623462368983;NA;"1979"
"BB";"9";0;NA;"1979"
"BE";"9";0,245620152147971;NA;"1979"
"BG";"9";0,568213580775177;NA;"1979"
"BR";"9";0,229136102496819;NA;"1979"
"BS";"9";0;NA;"1979"
"CA";"9";0,508689380815081;NA;"1979"
"CH";"9";0,477586656422788;NA;"1979"
"CS";"9";5,71749131944444;NA;"1979"
"DD";"9";0;NA;"1979"
"DE";"9";0,656651170962917;NA;"1979"
"DK";"9";0,16466375;NA;"1979"
"ES";"9";0,313764767530488;NA;"1979"
"FI";"9";0,0594196557448037;NA;"1979"
"FR";"9";0,445304612379808;NA;"1979"
"GB";"9";0,586827334283678;NA;"1979"
"HK";"9";0;NA;"1979"
"HU";"9";0,326565687330009;NA;"1979"
"IE";"9";0;NA;"1979"
"IL";"9";0,677071340460526;NA;"1979"
"IN";"9";0,322184215675313;NA;"1979"
"IR";"9";0;NA;"1979"
"IT";"9";0,222060274862691;NA;"1979"
"JP";"9";1,28690793048871;NA;"1979"
"KR";"9";0,169826474834984;NA;"1979"
"LI";"9";1,07202962239583;NA;"1979"
"LU";"9";0;NA;"1979"
"LY";"9";0;NA;"1979"
"MX";"9";0,635276813271605;NA;"1979"
"MY";"9";0;NA;"1979"
"NL";"9";0,504484528186275;NA;"1979"
"NO";"9";0,0489138991207224;NA;"1979"
"NZ";"9";0,152240893121302;NA;"1979"
"PL";"9";0,25081447769261;NA;"1979"
"RO";"9";0,259482732496121;NA;"1979"
"SE";"9";0,172920236226565;NA;"1979"
"SG";"9";0;NA;"1979"
"ST";"9";0;NA;"1979"
"SU";"9";0,373963821765988;NA;"1979"
"TW";"9";0;NA;"1979"
"US";"9";0,823682891414524;NA;"1979"
"ZA";"9";0,0435341978637902;NA;"1979"
"PE";"9";0;NA;"1979"
"GR";"9";0;NA;"1979"
"VE";"9";1,22517671130952;NA;"1979"
"CR";"9";0;NA;"1979"
"ID";"9";0;NA;"1979"
"IS";"9";0;NA;"1979"
"KY";"9";0;NA;"1979"
"MU";"9";0;NA;"1979"
"PK";"9";0;NA;"1979"
"RU";"9";0;NA;"1979"
"YU";"9";0;NA;"1979"
"TR";"9";0;NA;"1979"
"GT";"9";0;NA;"1979"
"CO";"9";0;NA;"1979"
"CZ";"9";0;NA;"1979"
"KP";"9";0;NA;"1979"
"MC";"9";0;NA;"1979"
"BM";"9";0;NA;"1979"
"IQ";"9";0;NA;"1979"
"KE";"9";0;NA;"1979"
"LB";"9";0;NA;"1979"
"PA";"9";0;NA;"1979"
"PT";"9";0;NA;"1979"
"BO";"9";0;NA;"1979"
"EG";"9";0;NA;"1979"
"CU";"9";0;NA;"1979"
"BH";"9";0;NA;"1979"
"TT";"9";0;NA;"1979"
"NG";"9";0;NA;"1979"
"SV";"9";0;NA;"1979"
"VN";"9";0;NA;"1979"
"CL";"9";0;NA;"1979"
"MA";"9";0;NA;"1979"
"SN";"9";0;NA;"1979"
"EC";"9";0;NA;"1979"
"SA";"9";0;NA;"1979"
"CN";"9";0;NA;"1979"
"PY";"9";0;NA;"1979"
"TH";"9";0;NA;"1979"
"TZ";"9";0;NA;"1979"
"HT";"9";0;NA;"1979"
"PH";"9";0;NA;"1979"
"LA";"9";0;NA;"1979"
"AE";"9";0;NA;"1979"
"AR";"10";1,27334151740404;NA;"1979"
"AT";"10";0,703399506531454;NA;"1979"
"AU";"10";0,629750424368302;NA;"1979"
"BB";"10";0;NA;"1979"
"BE";"10";0,638190259319447;NA;"1979"
"BG";"10";1,7165363565005;NA;"1979"
"BR";"10";0,438487409725224;NA;"1979"
"BS";"10";0;NA;"1979"
"CA";"10";0,829313335622712;NA;"1979"
"CH";"10";1,23210375894151;NA;"1979"
"CS";"10";0;NA;"1979"
"DD";"10";1,78267812436565;NA;"1979"
"DE";"10";0,938860187433462;NA;"1979"
"DK";"10";0,656025549766561;NA;"1979"
"ES";"10";0;NA;"1979"
"FI";"10";0,741067118673944;NA;"1979"
"FR";"10";0,822774518937994;NA;"1979"
"GB";"10";0,952964072184063;NA;"1979"
"HK";"10";4,45669531091414;NA;"1979"
"HU";"10";1,53539820321611;NA;"1979"
"IE";"10";0;NA;"1979"
"IL";"10";0,820970188852604;NA;"1979"
"IN";"10";0,542138248912632;NA;"1979"
"IR";"10";0;NA;"1979"
"IT";"10";0,524522790613668;NA;"1979"
"JP";"10";1,02586051640829;NA;"1979"
"KR";"10";0,333394148671244;NA;"1979"
"LI";"10";0,742782551819022;NA;"1979"
"LU";"10";0,568939826925209;NA;"1979"
"LY";"10";0;NA;"1979"
"MX";"10";0,110041859528744;NA;"1979"
"MY";"10";0;NA;"1979"
"NL";"10";0,524317095401663;NA;"1979"
"NO";"10";0,338912190944041;NA;"1979"
"NZ";"10";0,843871301474866;NA;"1979"
"PL";"10";1,75745154713406;NA;"1979"
"RO";"10";1,41065297661208;NA;"1979"
"SE";"10";0,775625784566592;NA;"1979"
"SG";"10";0;NA;"1979"
"ST";"10";0;NA;"1979"
"SU";"10";1,08826280847903;NA;"1979"
"TW";"10";0,666421728734824;NA;"1979"
"US";"10";0,972063538720578;NA;"1979"
"ZA";"10";0,452456376742552;NA;"1979"
"PE";"10";0;NA;"1979"
"GR";"10";0;NA;"1979"
"VE";"10";3,3955773797441;NA;"1979"
"CR";"10";1,48556510363804;NA;"1979"
"ID";"10";0;NA;"1979"
"IS";"10";0;NA;"1979"
"KY";"10";17,8267812436565;NA;"1979"
"MU";"10";0;NA;"1979"
"PK";"10";0;NA;"1979"
"RU";"10";8,91339062182827;NA;"1979"
"YU";"10";1,37129086489666;NA;"1979"
"TR";"10";0;NA;"1979"
"GT";"10";0;NA;"1979"
"CO";"10";0;NA;"1979"
"CZ";"10";0;NA;"1979"
"KP";"10";0;NA;"1979"
"MC";"10";0;NA;"1979"
"BM";"10";0;NA;"1979"
"IQ";"10";0;NA;"1979"
"KE";"10";0;NA;"1979"
"LB";"10";0;NA;"1979"
"PA";"10";0;NA;"1979"
"PT";"10";0;NA;"1979"
"BO";"10";0;NA;"1979"
"EG";"10";0;NA;"1979"
"CU";"10";0;NA;"1979"
"BH";"10";0;NA;"1979"
"TT";"10";0;NA;"1979"
"NG";"10";0;NA;"1979"
"SV";"10";0;NA;"1979"
"VN";"10";0;NA;"1979"
"CL";"10";0;NA;"1979"
"MA";"10";0;NA;"1979"
"SN";"10";0;NA;"1979"
"EC";"10";0;NA;"1979"
"SA";"10";0;NA;"1979"
"CN";"10";0;NA;"1979"
"PY";"10";0;NA;"1979"
"TH";"10";0;NA;"1979"
"TZ";"10";0;NA;"1979"
"HT";"10";0;NA;"1979"
"PH";"10";0;NA;"1979"
"LA";"10";0;NA;"1979"
"AE";"10";0;NA;"1979"
"AR";"11";0;NA;"1979"
"AT";"11";1,62837426488539;NA;"1979"
"AU";"11";1,02531950995501;NA;"1979"
"BB";"11";0;NA;"1979"
"BE";"11";0,787954372805522;NA;"1979"
"BG";"11";1,16661795832337;NA;"1979"
"BR";"11";0,420041834867066;NA;"1979"
"BS";"11";0;NA;"1979"
"CA";"11";1,3439058977158;NA;"1979"
"CH";"11";0,912744935007345;NA;"1979"
"CS";"11";0;NA;"1979"
"DD";"11";0;NA;"1979"
"DE";"11";1,16703412117009;NA;"1979"
"DK";"11";2,64122305764411;NA;"1979"
"ES";"11";0;NA;"1979"
"FI";"11";1,52495557600699;NA;"1979"
"FR";"11";1,11109143049933;NA;"1979"
"GB";"11";1,64723462255067;NA;"1979"
"HK";"11";0;NA;"1979"
"HU";"11";0,897967947975106;NA;"1979"
"IE";"11";0;NA;"1979"
"IL";"11";4,34411687112518;NA;"1979"
"IN";"11";1,18122676996606;NA;"1979"
"IR";"11";0;NA;"1979"
"IT";"11";0,388567534961374;NA;"1979"
"JP";"11";0,736059250576212;NA;"1979"
"KR";"11";0,726408981750305;NA;"1979"
"LI";"11";0;NA;"1979"
"LU";"11";0;NA;"1979"
"LY";"11";0;NA;"1979"
"MX";"11";0;NA;"1979"
"MY";"11";0;NA;"1979"
"NL";"11";4,04599120349894;NA;"1979"
"NO";"11";1,25533415287268;NA;"1979"
"NZ";"11";0;NA;"1979"
"PL";"11";0,778662458031872;NA;"1979"
"RO";"11";2,56131018002726;NA;"1979"
"SE";"11";0,583927984091818;NA;"1979"
"SG";"11";0;NA;"1979"
"ST";"11";0;NA;"1979"
"SU";"11";0;NA;"1979"
"TW";"11";0;NA;"1979"
"US";"11";1,80826773085927;NA;"1979"
"ZA";"11";0,558634318452646;NA;"1979"
"PE";"11";0;NA;"1979"
"GR";"11";0;NA;"1979"
"VE";"11";0;NA;"1979"
"CR";"11";0;NA;"1979"
"ID";"11";0;NA;"1979"
"IS";"11";0;NA;"1979"
"KY";"11";0;NA;"1979"
"MU";"11";0;NA;"1979"
"PK";"11";0;NA;"1979"
"RU";"11";0;NA;"1979"
"YU";"11";50,7927511085406;NA;"1979"
"TR";"11";0;NA;"1979"
"GT";"11";0;NA;"1979"
"CO";"11";0;NA;"1979"
"CZ";"11";0;NA;"1979"
"KP";"11";0;NA;"1979"
"MC";"11";0;NA;"1979"
"BM";"11";0;NA;"1979"
"IQ";"11";0;NA;"1979"
"KE";"11";0;NA;"1979"
"LB";"11";0;NA;"1979"
"PA";"11";0;NA;"1979"
"PT";"11";0;NA;"1979"
"BO";"11";0;NA;"1979"
"EG";"11";0;NA;"1979"
"CU";"11";0;NA;"1979"
"BH";"11";0;NA;"1979"
"TT";"11";0;NA;"1979"
"NG";"11";0;NA;"1979"
"SV";"11";0;NA;"1979"
"VN";"11";0;NA;"1979"
"CL";"11";0;NA;"1979"
"MA";"11";0;NA;"1979"
"SN";"11";0;NA;"1979"
"EC";"11";0;NA;"1979"
"SA";"11";0;NA;"1979"
"CN";"11";0;NA;"1979"
"PY";"11";0;NA;"1979"
"TH";"11";0;NA;"1979"
"TZ";"11";0;NA;"1979"
"HT";"11";0;NA;"1979"
"PH";"11";0;NA;"1979"
"LA";"11";0;NA;"1979"
"AE";"11";0;NA;"1979"
"AR";"12";0;NA;"1979"
"AT";"12";0,39329378431554;NA;"1979"
"AU";"12";0,866742551847563;NA;"1979"
"BB";"12";0;NA;"1979"
"BE";"12";0,761244055083301;NA;"1979"
"BG";"12";1,78453001252007;NA;"1979"
"BR";"12";1,10468629452327;NA;"1979"
"BS";"12";0;NA;"1979"
"CA";"12";0,71100106210872;NA;"1979"
"CH";"12";1,13374855123188;NA;"1979"
"CS";"12";0;NA;"1979"
"DD";"12";0;NA;"1979"
"DE";"12";0,893014291755253;NA;"1979"
"DK";"12";0,595394350282486;NA;"1979"
"ES";"12";2,59318096812929;NA;"1979"
"FI";"12";0,859402930546313;NA;"1979"
"FR";"12";0,817849382256162;NA;"1979"
"GB";"12";0,909369234725312;NA;"1979"
"HK";"12";6,64502623083132;NA;"1979"
"HU";"12";0,867528356518322;NA;"1979"
"IE";"12";0;NA;"1979"
"IL";"12";1,39895289070133;NA;"1979"
"IN";"12";1,14118518454348;NA;"1979"
"IR";"12";0;NA;"1979"
"IT";"12";0,625659590192042;NA;"1979"
"JP";"12";1,04400427851544;NA;"1979"
"KR";"12";0,760267027509854;NA;"1979"
"LI";"12";1,10750437180522;NA;"1979"
"LU";"12";0;NA;"1979"
"LY";"12";0;NA;"1979"
"MX";"12";0,656298886995685;NA;"1979"
"MY";"12";0;NA;"1979"
"NL";"12";0,651473159885423;NA;"1979"
"NO";"12";0,505325188656374;NA;"1979"
"NZ";"12";0,629114909427817;NA;"1979"
"PL";"12";1,66334618859803;NA;"1979"
"RO";"12";0,989794442451212;NA;"1979"
"SE";"12";0,827396262204677;NA;"1979"
"SG";"12";0;NA;"1979"
"ST";"12";0;NA;"1979"
"SU";"12";0,309070987480526;NA;"1979"
"TW";"12";1,98729756436077;NA;"1979"
"US";"12";0,930171618866337;NA;"1979"
"ZA";"12";0,539697561894929;NA;"1979"
"PE";"12";0;NA;"1979"
"GR";"12";0;NA;"1979"
"VE";"12";0;NA;"1979"
"CR";"12";0;NA;"1979"
"ID";"12";0;NA;"1979"
"IS";"12";0;NA;"1979"
"KY";"12";0;NA;"1979"
"MU";"12";0;NA;"1979"
"PK";"12";0;NA;"1979"
"RU";"12";0;NA;"1979"
"YU";"12";0;NA;"1979"
"TR";"12";0;NA;"1979"
"GT";"12";53,1602098466505;NA;"1979"
"CO";"12";0;NA;"1979"
"CZ";"12";0;NA;"1979"
"KP";"12";0;NA;"1979"
"MC";"12";0;NA;"1979"
"BM";"12";0;NA;"1979"
"IQ";"12";0;NA;"1979"
"KE";"12";0;NA;"1979"
"LB";"12";0;NA;"1979"
"PA";"12";0;NA;"1979"
"PT";"12";0;NA;"1979"
"BO";"12";0;NA;"1979"
"EG";"12";0;NA;"1979"
"CU";"12";0;NA;"1979"
"BH";"12";0;NA;"1979"
"TT";"12";0;NA;"1979"
"NG";"12";0;NA;"1979"
"SV";"12";0;NA;"1979"
"VN";"12";0;NA;"1979"
"CL";"12";0;NA;"1979"
"MA";"12";0;NA;"1979"
"SN";"12";0;NA;"1979"
"EC";"12";0;NA;"1979"
"SA";"12";0;NA;"1979"
"CN";"12";0;NA;"1979"
"PY";"12";0;NA;"1979"
"TH";"12";0;NA;"1979"
"TZ";"12";0;NA;"1979"
"HT";"12";0;NA;"1979"
"PH";"12";0;NA;"1979"
"LA";"12";0;NA;"1979"
"AE";"12";0;NA;"1979"
"AR";"13";1,80048931168334;NA;"1979"
"AT";"13";0,932435895076453;NA;"1979"
"AU";"13";1,27208483977627;NA;"1979"
"BB";"13";0;NA;"1979"
"BE";"13";0,842233663699129;NA;"1979"
"BG";"13";2,0040782091175;NA;"1979"
"BR";"13";1,30417122322101;NA;"1979"
"BS";"13";0;NA;"1979"
"CA";"13";1,55374654305374;NA;"1979"
"CH";"13";1,41365432528692;NA;"1979"
"CS";"13";3,73434820200989;NA;"1979"
"DD";"13";0;NA;"1979"
"DE";"13";1,27195029075463;NA;"1979"
"DK";"13";1,85522418675851;NA;"1979"
"ES";"13";1,22960245675936;NA;"1979"
"FI";"13";1,10607426537591;NA;"1979"
"FR";"13";0,969494244752569;NA;"1979"
"GB";"13";1,32951313393011;NA;"1979"
"HK";"13";0;NA;"1979"
"HU";"13";0,914119686802059;NA;"1979"
"IE";"13";2,40065241557779;NA;"1979"
"IL";"13";2,65335266984913;NA;"1979"
"IN";"13";1,35278266709661;NA;"1979"
"IR";"13";0;NA;"1979"
"IT";"13";1,10755874488799;NA;"1979"
"JP";"13";0,646600735864458;NA;"1979"
"KR";"13";0,221842467446132;NA;"1979"
"LI";"13";1,05028543181528;NA;"1979"
"LU";"13";0;NA;"1979"
"LY";"13";0;NA;"1979"
"MX";"13";2,80076115150742;NA;"1979"
"MY";"13";0;NA;"1979"
"NL";"13";1,60631889571749;NA;"1979"
"NO";"13";1,72518367507301;NA;"1979"
"NZ";"13";2,0881414502363;NA;"1979"
"PL";"13";0,499380997768776;NA;"1979"
"RO";"13";1,32976402228281;NA;"1979"
"SE";"13";1,7119615386646;NA;"1979"
"SG";"13";0;NA;"1979"
"ST";"13";0;NA;"1979"
"SU";"13";1,46551455602132;NA;"1979"
"TW";"13";0,471156081561996;NA;"1979"
"US";"13";1,90839736654588;NA;"1979"
"ZA";"13";1,02362844116007;NA;"1979"
"PE";"13";0;NA;"1979"
"GR";"13";0;NA;"1979"
"VE";"13";2,40065241557779;NA;"1979"
"CR";"13";8,40228345452226;NA;"1979"
"ID";"13";0;NA;"1979"
"IS";"13";0;NA;"1979"
"KY";"13";0;NA;"1979"
"MU";"13";0;NA;"1979"
"PK";"13";0;NA;"1979"
"RU";"13";0;NA;"1979"
"YU";"13";0;NA;"1979"
"TR";"13";0;NA;"1979"
"GT";"13";0;NA;"1979"
"CO";"13";0;NA;"1979"
"CZ";"13";0;NA;"1979"
"KP";"13";0;NA;"1979"
"MC";"13";33,609133818089;NA;"1979"
"BM";"13";0;NA;"1979"
"IQ";"13";0;NA;"1979"
"KE";"13";0;NA;"1979"
"LB";"13";0;NA;"1979"
"PA";"13";0;NA;"1979"
"PT";"13";0;NA;"1979"
"BO";"13";0;NA;"1979"
"EG";"13";0;NA;"1979"
"CU";"13";0;NA;"1979"
"BH";"13";0;NA;"1979"
"TT";"13";0;NA;"1979"
"NG";"13";0;NA;"1979"
"SV";"13";0;NA;"1979"
"VN";"13";0;NA;"1979"
"CL";"13";0;NA;"1979"
"MA";"13";0;NA;"1979"
"SN";"13";0;NA;"1979"
"EC";"13";0;NA;"1979"
"SA";"13";0;NA;"1979"
"CN";"13";0;NA;"1979"
"PY";"13";0;NA;"1979"
"TH";"13";0;NA;"1979"
"TZ";"13";0;NA;"1979"
"HT";"13";0;NA;"1979"
"PH";"13";0;NA;"1979"
"LA";"13";0;NA;"1979"
"AE";"13";0;NA;"1979"
"AR";"14";2,16830444587099;NA;"1979"
"AT";"14";0,898335750693775;NA;"1979"
"AU";"14";1,07236795964272;NA;"1979"
"BB";"14";0;NA;"1979"
"BE";"14";2,82552321586052;NA;"1979"
"BG";"14";1,17992538750577;NA;"1979"
"BR";"14";0,283222124397058;NA;"1979"
"BS";"14";0;NA;"1979"
"CA";"14";1,28274184314756;NA;"1979"
"CH";"14";1,78636772278313;NA;"1979"
"CS";"14";0;NA;"1979"
"DD";"14";1,21425048968775;NA;"1979"
"DE";"14";1,31718377481046;NA;"1979"
"DK";"14";0,534270215462611;NA;"1979"
"ES";"14";1,85099160013377;NA;"1979"
"FI";"14";0,560854729647922;NA;"1979"
"FR";"14";2,01402124491478;NA;"1979"
"GB";"14";2,85604177902322;NA;"1979"
"HK";"14";0;NA;"1979"
"HU";"14";3,22002056422183;NA;"1979"
"IE";"14";0;NA;"1979"
"IL";"14";2,9956837739007;NA;"1979"
"IN";"14";1,68344209214313;NA;"1979"
"IR";"14";0;NA;"1979"
"IT";"14";2,19127197040552;NA;"1979"
"JP";"14";0,625820230875631;NA;"1979"
"KR";"14";5,00928419838182;NA;"1979"
"LI";"14";0,632422130045704;NA;"1979"
"LU";"14";1,61469480011669;NA;"1979"
"LY";"14";0;NA;"1979"
"MX";"14";0,187384334828357;NA;"1979"
"MY";"14";0;NA;"1979"
"NL";"14";1,41364946716099;NA;"1979"
"NO";"14";0,288557625876367;NA;"1979"
"NZ";"14";2,87396565606568;NA;"1979"
"PL";"14";1,10256235502308;NA;"1979"
"RO";"14";2,54342616148715;NA;"1979"
"SE";"14";0,289925391064461;NA;"1979"
"SG";"14";0;NA;"1979"
"ST";"14";0;NA;"1979"
"SU";"14";1,01481690635241;NA;"1979"
"TW";"14";0,283703385441063;NA;"1979"
"US";"14";1,70235782246653;NA;"1979"
"ZA";"14";2,41411899388005;NA;"1979"
"PE";"14";0;NA;"1979"
"GR";"14";0;NA;"1979"
"VE";"14";1,44553629724732;NA;"1979"
"CR";"14";0;NA;"1979"
"ID";"14";0;NA;"1979"
"IS";"14";0;NA;"1979"
"KY";"14";0;NA;"1979"
"MU";"14";0;NA;"1979"
"PK";"14";0;NA;"1979"
"RU";"14";0;NA;"1979"
"YU";"14";11,6754854777668;NA;"1979"
"TR";"14";0;NA;"1979"
"GT";"14";0;NA;"1979"
"CO";"14";0;NA;"1979"
"CZ";"14";0;NA;"1979"
"KP";"14";0;NA;"1979"
"MC";"14";0;NA;"1979"
"BM";"14";30,3562622421938;NA;"1979"
"IQ";"14";0;NA;"1979"
"KE";"14";0;NA;"1979"
"LB";"14";0;NA;"1979"
"PA";"14";7,58906556054845;NA;"1979"
"PT";"14";5,05937704036563;NA;"1979"
"BO";"14";0;NA;"1979"
"EG";"14";0;NA;"1979"
"CU";"14";0;NA;"1979"
"BH";"14";0;NA;"1979"
"TT";"14";0;NA;"1979"
"NG";"14";0;NA;"1979"
"SV";"14";0;NA;"1979"
"VN";"14";0;NA;"1979"
"CL";"14";0;NA;"1979"
"MA";"14";0;NA;"1979"
"SN";"14";0;NA;"1979"
"EC";"14";0;NA;"1979"
"SA";"14";0;NA;"1979"
"CN";"14";0;NA;"1979"
"PY";"14";0;NA;"1979"
"TH";"14";0;NA;"1979"
"TZ";"14";0;NA;"1979"
"HT";"14";0;NA;"1979"
"PH";"14";0;NA;"1979"
"LA";"14";0;NA;"1979"
"AE";"14";0;NA;"1979"
"AR";"15";0;NA;"1979"
"AT";"15";1,19874784444515;NA;"1979"
"AU";"15";0,3019206527469;NA;"1979"
"BB";"15";0;NA;"1979"
"BE";"15";0,92809976309787;NA;"1979"
"BG";"15";0,687056185049483;NA;"1979"
"BR";"15";0,65966717682444;NA;"1979"
"BS";"15";0;NA;"1979"
"CA";"15";0,716088603801332;NA;"1979"
"CH";"15";1,45904467101543;NA;"1979"
"CS";"15";0;NA;"1979"
"DD";"15";0;NA;"1979"
"DE";"15";0,813411601621529;NA;"1979"
"DK";"15";2,48879232472325;NA;"1979"
"ES";"15";4,74236342363424;NA;"1979"
"FI";"15";0,673568938922646;NA;"1979"
"FR";"15";1,58914774340051;NA;"1979"
"GB";"15";1,80162487868642;NA;"1979"
"HK";"15";0;NA;"1979"
"HU";"15";2,82048087570631;NA;"1979"
"IE";"15";0;NA;"1979"
"IL";"15";5,11676053602641;NA;"1979"
"IN";"15";0,695659750873001;NA;"1979"
"IR";"15";0;NA;"1979"
"IT";"15";0,686517106049836;NA;"1979"
"JP";"15";0,916698128346231;NA;"1979"
"KR";"15";2,13901980603964;NA;"1979"
"LI";"15";0;NA;"1979"
"LU";"15";0;NA;"1979"
"LY";"15";0;NA;"1979"
"MX";"15";0;NA;"1979"
"MY";"15";0;NA;"1979"
"NL";"15";0,953122060632371;NA;"1979"
"NO";"15";0,369651901842212;NA;"1979"
"NZ";"15";0;NA;"1979"
"PL";"15";0,64200863329388;NA;"1979"
"RO";"15";1,8101185449403;NA;"1979"
"SE";"15";1,44434910072482;NA;"1979"
"SG";"15";0;NA;"1979"
"ST";"15";0;NA;"1979"
"SU";"15";1,9782824165451;NA;"1979"
"TW";"15";0;NA;"1979"
"US";"15";1,39008035307312;NA;"1979"
"ZA";"15";0,986989341974638;NA;"1979"
"PE";"15";0;NA;"1979"
"GR";"15";0;NA;"1979"
"VE";"15";0;NA;"1979"
"CR";"15";0;NA;"1979"
"ID";"15";0;NA;"1979"
"IS";"15";0;NA;"1979"
"KY";"15";0;NA;"1979"
"MU";"15";0;NA;"1979"
"PK";"15";0;NA;"1979"
"RU";"15";0;NA;"1979"
"YU";"15";0;NA;"1979"
"TR";"15";0;NA;"1979"
"GT";"15";0;NA;"1979"
"CO";"15";0;NA;"1979"
"CZ";"15";0;NA;"1979"
"KP";"15";0;NA;"1979"
"MC";"15";0;NA;"1979"
"BM";"15";0;NA;"1979"
"IQ";"15";0;NA;"1979"
"KE";"15";0;NA;"1979"
"LB";"15";0;NA;"1979"
"PA";"15";0;NA;"1979"
"PT";"15";0;NA;"1979"
"BO";"15";0;NA;"1979"
"EG";"15";0;NA;"1979"
"CU";"15";0;NA;"1979"
"BH";"15";0;NA;"1979"
"TT";"15";0;NA;"1979"
"NG";"15";0;NA;"1979"
"SV";"15";0;NA;"1979"
"VN";"15";0;NA;"1979"
"CL";"15";0;NA;"1979"
"MA";"15";0;NA;"1979"
"SN";"15";0;NA;"1979"
"EC";"15";0;NA;"1979"
"SA";"15";0;NA;"1979"
"CN";"15";0;NA;"1979"
"PY";"15";0;NA;"1979"
"TH";"15";0;NA;"1979"
"TZ";"15";0;NA;"1979"
"HT";"15";0;NA;"1979"
"PH";"15";0;NA;"1979"
"LA";"15";0;NA;"1979"
"AE";"15";0;NA;"1979"
"AR";"16";0;NA;"1979"
"AT";"16";1,50514594213731;NA;"1979"
"AU";"16";1,34261433127893;NA;"1979"
"BB";"16";0;NA;"1979"
"BE";"16";3,15607670404806;NA;"1979"
"BG";"16";1,61750003410781;NA;"1979"
"BR";"16";0,2588365901343;NA;"1979"
"BS";"16";0;NA;"1979"
"CA";"16";1,3605101404675;NA;"1979"
"CH";"16";1,88821905859821;NA;"1979"
"CS";"16";0;NA;"1979"
"DD";"16";0;NA;"1979"
"DE";"16";1,05562620233784;NA;"1979"
"DK";"16";0,651025791505792;NA;"1979"
"ES";"16";1,24052170637537;NA;"1979"
"FI";"16";0,469851177472425;NA;"1979"
"FR";"16";2,34744876744877;NA;"1979"
"GB";"16";2,90015053236721;NA;"1979"
"HK";"16";0;NA;"1979"
"HU";"16";4,15006808388495;NA;"1979"
"IE";"16";0;NA;"1979"
"IL";"16";0,669228815281447;NA;"1979"
"IN";"16";1,27380940869313;NA;"1979"
"IR";"16";0;NA;"1979"
"IT";"16";2,11506760922218;NA;"1979"
"JP";"16";0,743057079381373;NA;"1979"
"KR";"16";1,9024062251785;NA;"1979"
"LI";"16";0;NA;"1979"
"LU";"16";0;NA;"1979"
"LY";"16";0;NA;"1979"
"MX";"16";0,627918394585061;NA;"1979"
"MY";"16";0;NA;"1979"
"NL";"16";0,997282156105686;NA;"1979"
"NO";"16";2,32067178531057;NA;"1979"
"NZ";"16";7,22291928445775;NA;"1979"
"PL";"16";0,207923921225808;NA;"1979"
"RO";"16";6,70786368769301;NA;"1979"
"SE";"16";0,971529910829522;NA;"1979"
"SG";"16";0;NA;"1979"
"ST";"16";0;NA;"1979"
"SU";"16";0,295705755589477;NA;"1979"
"TW";"16";0;NA;"1979"
"US";"16";1,40518102309538;NA;"1979"
"ZA";"16";1,20483834087895;NA;"1979"
"PE";"16";0;NA;"1979"
"GR";"16";0;NA;"1979"
"VE";"16";0;NA;"1979"
"CR";"16";0;NA;"1979"
"ID";"16";0;NA;"1979"
"IS";"16";0;NA;"1979"
"KY";"16";0;NA;"1979"
"MU";"16";0;NA;"1979"
"PK";"16";0;NA;"1979"
"RU";"16";0;NA;"1979"
"YU";"16";0;NA;"1979"
"TR";"16";0;NA;"1979"
"GT";"16";0;NA;"1979"
"CO";"16";101,72277992278;NA;"1979"
"CZ";"16";0;NA;"1979"
"KP";"16";0;NA;"1979"
"MC";"16";0;NA;"1979"
"BM";"16";0;NA;"1979"
"IQ";"16";0;NA;"1979"
"KE";"16";0;NA;"1979"
"LB";"16";0;NA;"1979"
"PA";"16";50,86138996139;NA;"1979"
"PT";"16";0;NA;"1979"
"BO";"16";50,86138996139;NA;"1979"
"EG";"16";0;NA;"1979"
"CU";"16";0;NA;"1979"
"BH";"16";0;NA;"1979"
"TT";"16";0;NA;"1979"
"NG";"16";0;NA;"1979"
"SV";"16";0;NA;"1979"
"VN";"16";0;NA;"1979"
"CL";"16";0;NA;"1979"
"MA";"16";0;NA;"1979"
"SN";"16";0;NA;"1979"
"EC";"16";0;NA;"1979"
"SA";"16";0;NA;"1979"
"CN";"16";0;NA;"1979"
"PY";"16";0;NA;"1979"
"TH";"16";0;NA;"1979"
"TZ";"16";0;NA;"1979"
"HT";"16";0;NA;"1979"
"PH";"16";0;NA;"1979"
"LA";"16";0;NA;"1979"
"AE";"16";0;NA;"1979"
"AR";"17";0;NA;"1979"
"AT";"17";1,16856354620373;NA;"1979"
"AU";"17";0,735795835381384;NA;"1979"
"BB";"17";0;NA;"1979"
"BE";"17";1,5421539964817;NA;"1979"
"BG";"17";3,08240073537059;NA;"1979"
"BR";"17";0,274029908619947;NA;"1979"
"BS";"17";0;NA;"1979"
"CA";"17";0,910146865326819;NA;"1979"
"CH";"17";0,442344013630113;NA;"1979"
"CS";"17";3,19092604704115;NA;"1979"
"DD";"17";0;NA;"1979"
"DE";"17";1,08126820163228;NA;"1979"
"DK";"17";0,137848005232178;NA;"1979"
"ES";"17";0,525335385793361;NA;"1979"
"FI";"17";0,149229220444765;NA;"1979"
"FR";"17";0,662730794385471;NA;"1979"
"GB";"17";0,982523201939971;NA;"1979"
"HK";"17";0;NA;"1979"
"HU";"17";0,781097037806992;NA;"1979"
"IE";"17";0;NA;"1979"
"IL";"17";0,566809232040205;NA;"1979"
"IN";"17";0,231185160832141;NA;"1979"
"IR";"17";0;NA;"1979"
"IT";"17";1,03088568055645;NA;"1979"
"JP";"17";0,910676869271752;NA;"1979"
"KR";"17";1,80081965031035;NA;"1979"
"LI";"17";0;NA;"1979"
"LU";"17";1,83308517595981;NA;"1979"
"LY";"17";0;NA;"1979"
"MX";"17";0;NA;"1979"
"MY";"17";0;NA;"1979"
"NL";"17";1,47814956590877;NA;"1979"
"NO";"17";0,163792781882341;NA;"1979"
"NZ";"17";0,509792918758054;NA;"1979"
"PL";"17";1,04984477255246;NA;"1979"
"RO";"17";2,67354548549608;NA;"1979"
"SE";"17";0,182854623141375;NA;"1979"
"SG";"17";0;NA;"1979"
"ST";"17";0;NA;"1979"
"SU";"17";1,44009089768354;NA;"1979"
"TW";"17";0,805186946449637;NA;"1979"
"US";"17";1,35925422603403;NA;"1979"
"ZA";"17";1,02044843128727;NA;"1979"
"PE";"17";0;NA;"1979"
"GR";"17";0;NA;"1979"
"VE";"17";0;NA;"1979"
"CR";"17";0;NA;"1979"
"ID";"17";0;NA;"1979"
"IS";"17";0;NA;"1979"
"KY";"17";0;NA;"1979"
"MU";"17";0;NA;"1979"
"PK";"17";0;NA;"1979"
"RU";"17";0;NA;"1979"
"YU";"17";0;NA;"1979"
"TR";"17";0;NA;"1979"
"GT";"17";0;NA;"1979"
"CO";"17";0;NA;"1979"
"CZ";"17";0;NA;"1979"
"KP";"17";0;NA;"1979"
"MC";"17";0;NA;"1979"
"BM";"17";0;NA;"1979"
"IQ";"17";0;NA;"1979"
"KE";"17";0;NA;"1979"
"LB";"17";0;NA;"1979"
"PA";"17";0;NA;"1979"
"PT";"17";0;NA;"1979"
"BO";"17";0;NA;"1979"
"EG";"17";0;NA;"1979"
"CU";"17";0;NA;"1979"
"BH";"17";0;NA;"1979"
"TT";"17";0;NA;"1979"
"NG";"17";0;NA;"1979"
"SV";"17";0;NA;"1979"
"VN";"17";0;NA;"1979"
"CL";"17";0;NA;"1979"
"MA";"17";0;NA;"1979"
"SN";"17";0;NA;"1979"
"EC";"17";0;NA;"1979"
"SA";"17";0;NA;"1979"
"CN";"17";0;NA;"1979"
"PY";"17";0;NA;"1979"
"TH";"17";0;NA;"1979"
"TZ";"17";0;NA;"1979"
"HT";"17";0;NA;"1979"
"PH";"17";0;NA;"1979"
"LA";"17";0;NA;"1979"
"AE";"17";0;NA;"1979"
"AR";"18";3,13331906189049;NA;"1979"
"AT";"18";0,216357419809948;NA;"1979"
"AU";"18";1,02173447670342;NA;"1979"
"BB";"18";0;NA;"1979"
"BE";"18";1,46570533682706;NA;"1979"
"BG";"18";4,7276580898489;NA;"1979"
"BR";"18";1,22781459422681;NA;"1979"
"BS";"18";0;NA;"1979"
"CA";"18";1,03735393636537;NA;"1979"
"CH";"18";1,07413939404461;NA;"1979"
"CS";"18";0;NA;"1979"
"DD";"18";0;NA;"1979"
"DE";"18";0,529197226434222;NA;"1979"
"DK";"18";2,10559040959041;NA;"1979"
"ES";"18";1,06991382601139;NA;"1979"
"FI";"18";1,82354827620417;NA;"1979"
"FR";"18";0,97012378646994;NA;"1979"
"GB";"18";1,438244815294;NA;"1979"
"HK";"18";0;NA;"1979"
"HU";"18";2,86345023969684;NA;"1979"
"IE";"18";0;NA;"1979"
"IL";"18";3,46314212103686;NA;"1979"
"IN";"18";1,41251592772165;NA;"1979"
"IR";"18";0;NA;"1979"
"IT";"18";1,1013942249721;NA;"1979"
"JP";"18";1,08210701589236;NA;"1979"
"KR";"18";2,7024446034347;NA;"1979"
"LI";"18";0;NA;"1979"
"LU";"18";0;NA;"1979"
"LY";"18";0;NA;"1979"
"MX";"18";0;NA;"1979"
"MY";"18";0;NA;"1979"
"NL";"18";1,93528530293236;NA;"1979"
"NO";"18";0,833963248411918;NA;"1979"
"NZ";"18";3,63390849781382;NA;"1979"
"PL";"18";1,08976442844367;NA;"1979"
"RO";"18";2,45026036802608;NA;"1979"
"SE";"18";0,527576891920719;NA;"1979"
"SG";"18";0;NA;"1979"
"ST";"18";0;NA;"1979"
"SU";"18";0,255037598060854;NA;"1979"
"TW";"18";0;NA;"1979"
"US";"18";0,746292313701373;NA;"1979"
"ZA";"18";1,63293108470773;NA;"1979"
"PE";"18";0;NA;"1979"
"GR";"18";0;NA;"1979"
"VE";"18";0;NA;"1979"
"CR";"18";0;NA;"1979"
"ID";"18";0;NA;"1979"
"IS";"18";0;NA;"1979"
"KY";"18";0;NA;"1979"
"MU";"18";0;NA;"1979"
"PK";"18";0;NA;"1979"
"RU";"18";0;NA;"1979"
"YU";"18";0;NA;"1979"
"TR";"18";0;NA;"1979"
"GT";"18";0;NA;"1979"
"CO";"18";0;NA;"1979"
"CZ";"18";12,533276247562;NA;"1979"
"KP";"18";0;NA;"1979"
"MC";"18";0;NA;"1979"
"BM";"18";0;NA;"1979"
"IQ";"18";0;NA;"1979"
"KE";"18";0;NA;"1979"
"LB";"18";0;NA;"1979"
"PA";"18";0;NA;"1979"
"PT";"18";0;NA;"1979"
"BO";"18";0;NA;"1979"
"EG";"18";0;NA;"1979"
"CU";"18";87,7329337329337;NA;"1979"
"BH";"18";0;NA;"1979"
"TT";"18";0;NA;"1979"
"NG";"18";0;NA;"1979"
"SV";"18";0;NA;"1979"
"VN";"18";0;NA;"1979"
"CL";"18";0;NA;"1979"
"MA";"18";0;NA;"1979"
"SN";"18";0;NA;"1979"
"EC";"18";0;NA;"1979"
"SA";"18";0;NA;"1979"
"CN";"18";0;NA;"1979"
"PY";"18";0;NA;"1979"
"TH";"18";0;NA;"1979"
"TZ";"18";0;NA;"1979"
"HT";"18";0;NA;"1979"
"PH";"18";0;NA;"1979"
"LA";"18";0;NA;"1979"
"AE";"18";0;NA;"1979"
"AR";"19";0;NA;"1979"
"AT";"19";1,25541929348694;NA;"1979"
"AU";"19";1,22525219167527;NA;"1979"
"BB";"19";0;NA;"1979"
"BE";"19";1,45796426780607;NA;"1979"
"BG";"19";0,929402133614696;NA;"1979"
"BR";"19";1,2089932704199;NA;"1979"
"BS";"19";9,69661949540862;NA;"1979"
"CA";"19";1,15122687360686;NA;"1979"
"CH";"19";1,08569969468734;NA;"1979"
"CS";"19";1,25696919384927;NA;"1979"
"DD";"19";2,71505345871441;NA;"1979"
"DE";"19";1,19525394675211;NA;"1979"
"DK";"19";1,03172031431148;NA;"1979"
"ES";"19";0,827760200827565;NA;"1979"
"FI";"19";0,587843560633895;NA;"1979"
"FR";"19";0,881087059919341;NA;"1979"
"GB";"19";1,49976224554788;NA;"1979"
"HK";"19";0;NA;"1979"
"HU";"19";1,47691031299062;NA;"1979"
"IE";"19";0;NA;"1979"
"IL";"19";0,669832267774938;NA;"1979"
"IN";"19";1,51780716609706;NA;"1979"
"IR";"19";0;NA;"1979"
"IT";"19";0,785544105846167;NA;"1979"
"JP";"19";0,83185275703215;NA;"1979"
"KR";"19";2,12813596186361;NA;"1979"
"LI";"19";0,707045171540212;NA;"1979"
"LU";"19";1,08313302874245;NA;"1979"
"LY";"19";0;NA;"1979"
"MX";"19";0,628484596924633;NA;"1979"
"MY";"19";0;NA;"1979"
"NL";"19";0,914999633757922;NA;"1979"
"NO";"19";0,387127394303386;NA;"1979"
"NZ";"19";0,602452690543139;NA;"1979"
"PL";"19";1,32337511352432;NA;"1979"
"RO";"19";1,47442778983715;NA;"1979"
"SE";"19";0,648270634818617;NA;"1979"
"SG";"19";0;NA;"1979"
"ST";"19";0;NA;"1979"
"SU";"19";0,937245925064932;NA;"1979"
"TW";"19";1,26871656949272;NA;"1979"
"US";"19";1,33406947811441;NA;"1979"
"ZA";"19";2,52669949626553;NA;"1979"
"PE";"19";0;NA;"1979"
"GR";"19";0;NA;"1979"
"VE";"19";0;NA;"1979"
"CR";"19";0;NA;"1979"
"ID";"19";0;NA;"1979"
"IS";"19";0;NA;"1979"
"KY";"19";0;NA;"1979"
"MU";"19";0;NA;"1979"
"PK";"19";0;NA;"1979"
"RU";"19";0;NA;"1979"
"YU";"19";0;NA;"1979"
"TR";"19";0;NA;"1979"
"GT";"19";0;NA;"1979"
"CO";"19";0;NA;"1979"
"CZ";"19";4,84830974770431;NA;"1979"
"KP";"19";0;NA;"1979"
"MC";"19";0;NA;"1979"
"BM";"19";0;NA;"1979"
"IQ";"19";0;NA;"1979"
"KE";"19";0;NA;"1979"
"LB";"19";0;NA;"1979"
"PA";"19";0;NA;"1979"
"PT";"19";0;NA;"1979"
"BO";"19";0;NA;"1979"
"EG";"19";0;NA;"1979"
"CU";"19";0;NA;"1979"
"BH";"19";0;NA;"1979"
"TT";"19";16,9690841169651;NA;"1979"
"NG";"19";0;NA;"1979"
"SV";"19";0;NA;"1979"
"VN";"19";0;NA;"1979"
"CL";"19";0;NA;"1979"
"MA";"19";0;NA;"1979"
"SN";"19";0;NA;"1979"
"EC";"19";0;NA;"1979"
"SA";"19";0;NA;"1979"
"CN";"19";0;NA;"1979"
"PY";"19";0;NA;"1979"
"TH";"19";0;NA;"1979"
"TZ";"19";0;NA;"1979"
"HT";"19";0;NA;"1979"
"PH";"19";0;NA;"1979"
"LA";"19";0;NA;"1979"
"AE";"19";0;NA;"1979"
"AR";"20";0;NA;"1979"
"AT";"20";1,74638215899112;NA;"1979"
"AU";"20";0,67669179691438;NA;"1979"
"BB";"20";0;NA;"1979"
"BE";"20";3,44523335505394;NA;"1979"
"BG";"20";1,49177065300339;NA;"1979"
"BR";"20";0,704600311439368;NA;"1979"
"BS";"20";0;NA;"1979"
"CA";"20";0,8605554771479;NA;"1979"
"CH";"20";0,860563817560941;NA;"1979"
"CS";"20";0;NA;"1979"
"DD";"20";1,08947379303215;NA;"1979"
"DE";"20";0,670410079867203;NA;"1979"
"DK";"20";0,697263227540577;NA;"1979"
"ES";"20";0,664313288434239;NA;"1979"
"FI";"20";0,597575117425256;NA;"1979"
"FR";"20";0,890435311612816;NA;"1979"
"GB";"20";1,0094910412985;NA;"1979"
"HK";"20";0;NA;"1979"
"HU";"20";1,25936453863644;NA;"1979"
"IE";"20";0;NA;"1979"
"IL";"20";0,358379537181629;NA;"1979"
"IN";"20";2,48493575333809;NA;"1979"
"IR";"20";0;NA;"1979"
"IT";"20";0,790712639117097;NA;"1979"
"JP";"20";1,10623338962275;NA;"1979"
"KR";"20";1,52813980870846;NA;"1979"
"LI";"20";0,567434267204245;NA;"1979"
"LU";"20";5,21556603047306;NA;"1979"
"LY";"20";0;NA;"1979"
"MX";"20";2,18567273293487;NA;"1979"
"MY";"20";0;NA;"1979"
"NL";"20";0,667569726122642;NA;"1979"
"NO";"20";0,880278254826358;NA;"1979"
"NZ";"20";0,161164762282863;NA;"1979"
"PL";"20";1,70872658576977;NA;"1979"
"RO";"20";2,38771409256465;NA;"1979"
"SE";"20";0,722590506521147;NA;"1979"
"SG";"20";0;NA;"1979"
"ST";"20";0;NA;"1979"
"SU";"20";2,92954435626378;NA;"1979"
"TW";"20";0,509099903286052;NA;"1979"
"US";"20";0,69242299935216;NA;"1979"
"ZA";"20";1,1521507963538;NA;"1979"
"PE";"20";0;NA;"1979"
"GR";"20";0;NA;"1979"
"VE";"20";0;NA;"1979"
"CR";"20";0;NA;"1979"
"ID";"20";0;NA;"1979"
"IS";"20";0;NA;"1979"
"KY";"20";0;NA;"1979"
"MU";"20";0;NA;"1979"
"PK";"20";0;NA;"1979"
"RU";"20";0;NA;"1979"
"YU";"20";0;NA;"1979"
"TR";"20";0;NA;"1979"
"GT";"20";0;NA;"1979"
"CO";"20";0;NA;"1979"
"CZ";"20";0;NA;"1979"
"KP";"20";0;NA;"1979"
"MC";"20";0;NA;"1979"
"BM";"20";0;NA;"1979"
"IQ";"20";0;NA;"1979"
"KE";"20";0;NA;"1979"
"LB";"20";0;NA;"1979"
"PA";"20";0;NA;"1979"
"PT";"20";0;NA;"1979"
"BO";"20";0;NA;"1979"
"EG";"20";0;NA;"1979"
"CU";"20";0;NA;"1979"
"BH";"20";0;NA;"1979"
"TT";"20";0;NA;"1979"
"NG";"20";0;NA;"1979"
"SV";"20";0;NA;"1979"
"VN";"20";0;NA;"1979"
"CL";"20";0;NA;"1979"
"MA";"20";0;NA;"1979"
"SN";"20";0;NA;"1979"
"EC";"20";0;NA;"1979"
"SA";"20";0;NA;"1979"
"CN";"20";0;NA;"1979"
"PY";"20";0;NA;"1979"
"TH";"20";0;NA;"1979"
"TZ";"20";0;NA;"1979"
"HT";"20";0;NA;"1979"
"PH";"20";0;NA;"1979"
"LA";"20";0;NA;"1979"
"AE";"20";0;NA;"1979"
"AR";"21";0;NA;"1979"
"AT";"21";0,395826746895118;NA;"1979"
"AU";"21";0,694299255631416;NA;"1979"
"BB";"21";0;NA;"1979"
"BE";"21";1,64174305352169;NA;"1979"
"BG";"21";1,49893654645152;NA;"1979"
"BR";"21";0,486210304937509;NA;"1979"
"BS";"21";0;NA;"1979"
"CA";"21";1,03114659654155;NA;"1979"
"CH";"21";0,77881212731175;NA;"1979"
"CS";"21";3,39698933049673;NA;"1979"
"DD";"21";1,83437423846823;NA;"1979"
"DE";"21";0,563649497648415;NA;"1979"
"DK";"21";0,586999756309835;NA;"1979"
"ES";"21";0;NA;"1979"
"FI";"21";0,582509140391183;NA;"1979"
"FR";"21";0,705528553257013;NA;"1979"
"GB";"21";1,27477896115932;NA;"1979"
"HK";"21";0;NA;"1979"
"HU";"21";0,665230911502532;NA;"1979"
"IE";"21";0;NA;"1979"
"IL";"21";1,206825156887;NA;"1979"
"IN";"21";0,492229223202567;NA;"1979"
"IR";"21";0;NA;"1979"
"IT";"21";0,70165354354905;NA;"1979"
"JP";"21";1,1754722660016;NA;"1979"
"KR";"21";1,26125841478839;NA;"1979"
"LI";"21";2,86620974760661;NA;"1979"
"LU";"21";1,95146195581727;NA;"1979"
"LY";"21";0;NA;"1979"
"MX";"21";0,566164888416121;NA;"1979"
"MY";"21";0;NA;"1979"
"NL";"21";0,674402293554498;NA;"1979"
"NO";"21";1,04622104855603;NA;"1979"
"NZ";"21";0,814071407604246;NA;"1979"
"PL";"21";1,09600976512253;NA;"1979"
"RO";"21";0,569239484396659;NA;"1979"
"SE";"21";0,502879389746332;NA;"1979"
"SG";"21";0;NA;"1979"
"ST";"21";0;NA;"1979"
"SU";"21";1,06649665027223;NA;"1979"
"TW";"21";0,428592111791643;NA;"1979"
"US";"21";0,817984295562986;NA;"1979"
"ZA";"21";0,620769623847118;NA;"1979"
"PE";"21";0;NA;"1979"
"GR";"21";4,16903236015508;NA;"1979"
"VE";"21";0;NA;"1979"
"CR";"21";0;NA;"1979"
"ID";"21";0;NA;"1979"
"IS";"21";0;NA;"1979"
"KY";"21";0;NA;"1979"
"MU";"21";0;NA;"1979"
"PK";"21";0;NA;"1979"
"RU";"21";0;NA;"1979"
"YU";"21";0;NA;"1979"
"TR";"21";0;NA;"1979"
"GT";"21";0;NA;"1979"
"CO";"21";0;NA;"1979"
"CZ";"21";0;NA;"1979"
"KP";"21";0;NA;"1979"
"MC";"21";0;NA;"1979"
"BM";"21";0;NA;"1979"
"IQ";"21";0;NA;"1979"
"KE";"21";0;NA;"1979"
"LB";"21";0;NA;"1979"
"PA";"21";0;NA;"1979"
"PT";"21";0;NA;"1979"
"BO";"21";0;NA;"1979"
"EG";"21";0;NA;"1979"
"CU";"21";0;NA;"1979"
"BH";"21";0;NA;"1979"
"TT";"21";0;NA;"1979"
"NG";"21";0;NA;"1979"
"SV";"21";0;NA;"1979"
"VN";"21";0;NA;"1979"
"CL";"21";0;NA;"1979"
"MA";"21";0;NA;"1979"
"SN";"21";0;NA;"1979"
"EC";"21";0;NA;"1979"
"SA";"21";0;NA;"1979"
"CN";"21";0;NA;"1979"
"PY";"21";0;NA;"1979"
"TH";"21";0;NA;"1979"
"TZ";"21";0;NA;"1979"
"HT";"21";0;NA;"1979"
"PH";"21";0;NA;"1979"
"LA";"21";0;NA;"1979"
"AE";"21";0;NA;"1979"
"AR";"22";0;NA;"1979"
"AT";"22";0;NA;"1979"
"AU";"22";0;NA;"1979"
"BB";"22";0;NA;"1979"
"BE";"22";0;NA;"1979"
"BG";"22";0;NA;"1979"
"BR";"22";0;NA;"1979"
"BS";"22";0;NA;"1979"
"CA";"22";0;NA;"1979"
"CH";"22";0;NA;"1979"
"CS";"22";0;NA;"1979"
"DD";"22";0;NA;"1979"
"DE";"22";0;NA;"1979"
"DK";"22";0;NA;"1979"
"ES";"22";0;NA;"1979"
"FI";"22";0;NA;"1979"
"FR";"22";0;NA;"1979"
"GB";"22";0;NA;"1979"
"HK";"22";0;NA;"1979"
"HU";"22";0;NA;"1979"
"IE";"22";0;NA;"1979"
"IL";"22";0;NA;"1979"
"IN";"22";0;NA;"1979"
"IR";"22";0;NA;"1979"
"IT";"22";0;NA;"1979"
"JP";"22";1,72757435870535;NA;"1979"
"KR";"22";0;NA;"1979"
"LI";"22";0;NA;"1979"
"LU";"22";0;NA;"1979"
"LY";"22";0;NA;"1979"
"MX";"22";0;NA;"1979"
"MY";"22";0;NA;"1979"
"NL";"22";0;NA;"1979"
"NO";"22";0;NA;"1979"
"NZ";"22";0;NA;"1979"
"PL";"22";0;NA;"1979"
"RO";"22";0;NA;"1979"
"SE";"22";0;NA;"1979"
"SG";"22";0;NA;"1979"
"ST";"22";0;NA;"1979"
"SU";"22";0;NA;"1979"
"TW";"22";0;NA;"1979"
"US";"22";0;NA;"1979"
"ZA";"22";0;NA;"1979"
"PE";"22";0;NA;"1979"
"GR";"22";0;NA;"1979"
"VE";"22";0;NA;"1979"
"CR";"22";0;NA;"1979"
"ID";"22";0;NA;"1979"
"IS";"22";0;NA;"1979"
"KY";"22";0;NA;"1979"
"MU";"22";0;NA;"1979"
"PK";"22";0;NA;"1979"
"RU";"22";0;NA;"1979"
"YU";"22";0;NA;"1979"
"TR";"22";0;NA;"1979"
"GT";"22";0;NA;"1979"
"CO";"22";0;NA;"1979"
"CZ";"22";0;NA;"1979"
"KP";"22";0;NA;"1979"
"MC";"22";0;NA;"1979"
"BM";"22";0;NA;"1979"
"IQ";"22";0;NA;"1979"
"KE";"22";0;NA;"1979"
"LB";"22";0;NA;"1979"
"PA";"22";0;NA;"1979"
"PT";"22";0;NA;"1979"
"BO";"22";0;NA;"1979"
"EG";"22";0;NA;"1979"
"CU";"22";0;NA;"1979"
"BH";"22";0;NA;"1979"
"TT";"22";0;NA;"1979"
"NG";"22";0;NA;"1979"
"SV";"22";0;NA;"1979"
"VN";"22";0;NA;"1979"
"CL";"22";0;NA;"1979"
"MA";"22";0;NA;"1979"
"SN";"22";0;NA;"1979"
"EC";"22";0;NA;"1979"
"SA";"22";0;NA;"1979"
"CN";"22";0;NA;"1979"
"PY";"22";0;NA;"1979"
"TH";"22";0;NA;"1979"
"TZ";"22";0;NA;"1979"
"HT";"22";0;NA;"1979"
"PH";"22";0;NA;"1979"
"LA";"22";0;NA;"1979"
"AE";"22";0;NA;"1979"
"AR";"23";0;NA;"1979"
"AT";"23";0,917793523280903;NA;"1979"
"AU";"23";1,11967425120367;NA;"1979"
"BB";"23";0;NA;"1979"
"BE";"23";1,18429681365284;NA;"1979"
"BG";"23";1,69863419970592;NA;"1979"
"BR";"23";1,1179689095167;NA;"1979"
"BS";"23";4,43053897250483;NA;"1979"
"CA";"23";1,23838674129714;NA;"1979"
"CH";"23";1,23712126917888;NA;"1979"
"CS";"23";1,14865825213088;NA;"1979"
"DD";"23";2,48110182460271;NA;"1979"
"DE";"23";1,10231855613754;NA;"1979"
"DK";"23";1,1909288758093;NA;"1979"
"ES";"23";0,756433483110582;NA;"1979"
"FI";"23";1,39669415645938;NA;"1979"
"FR";"23";1,26738975415403;NA;"1979"
"GB";"23";1,03895033638923;NA;"1979"
"HK";"23";0;NA;"1979"
"HU";"23";1,65894160983182;NA;"1979"
"IE";"23";1,47684632416828;NA;"1979"
"IL";"23";3,26460766395093;NA;"1979"
"IN";"23";2,21923240125466;NA;"1979"
"IR";"23";0;NA;"1979"
"IT";"23";0,985529853829047;NA;"1979"
"JP";"23";0,840908766715315;NA;"1979"
"KR";"23";1,94475803083546;NA;"1979"
"LI";"23";2,58448106729449;NA;"1979"
"LU";"23";0,98980125981491;NA;"1979"
"LY";"23";0;NA;"1979"
"MX";"23";2,68020258830539;NA;"1979"
"MY";"23";0;NA;"1979"
"NL";"23";1,52028298076146;NA;"1979"
"NO";"23";0,707538543137654;NA;"1979"
"NZ";"23";1,28459413995702;NA;"1979"
"PL";"23";1,45803743230387;NA;"1979"
"RO";"23";1,20301678850015;NA;"1979"
"SE";"23";1,39326110596279;NA;"1979"
"SG";"23";4,43053897250483;NA;"1979"
"ST";"23";0;NA;"1979"
"SU";"23";3,15547107053397;NA;"1979"
"TW";"23";0,579696687991287;NA;"1979"
"US";"23";1,18905044668392;NA;"1979"
"ZA";"23";1,36439609643973;NA;"1979"
"PE";"23";10,3379242691779;NA;"1979"
"GR";"23";0;NA;"1979"
"VE";"23";0;NA;"1979"
"CR";"23";0;NA;"1979"
"ID";"23";0;NA;"1979"
"IS";"23";0;NA;"1979"
"KY";"23";0;NA;"1979"
"MU";"23";0;NA;"1979"
"PK";"23";0;NA;"1979"
"RU";"23";0;NA;"1979"
"YU";"23";0;NA;"1979"
"TR";"23";0;NA;"1979"
"GT";"23";0;NA;"1979"
"CO";"23";0;NA;"1979"
"CZ";"23";4,43053897250483;NA;"1979"
"KP";"23";0;NA;"1979"
"MC";"23";0;NA;"1979"
"BM";"23";0;NA;"1979"
"IQ";"23";0;NA;"1979"
"KE";"23";0;NA;"1979"
"LB";"23";0;NA;"1979"
"PA";"23";0;NA;"1979"
"PT";"23";0;NA;"1979"
"BO";"23";0;NA;"1979"
"EG";"23";0;NA;"1979"
"CU";"23";0;NA;"1979"
"BH";"23";0;NA;"1979"
"TT";"23";0;NA;"1979"
"NG";"23";0;NA;"1979"
"SV";"23";0;NA;"1979"
"VN";"23";31,0137728075338;NA;"1979"
"CL";"23";0;NA;"1979"
"MA";"23";0;NA;"1979"
"SN";"23";0;NA;"1979"
"EC";"23";0;NA;"1979"
"SA";"23";0;NA;"1979"
"CN";"23";0;NA;"1979"
"PY";"23";0;NA;"1979"
"TH";"23";0;NA;"1979"
"TZ";"23";0;NA;"1979"
"HT";"23";0;NA;"1979"
"PH";"23";0;NA;"1979"
"LA";"23";0;NA;"1979"
"AE";"23";0;NA;"1979"
"AR";"24";0;NA;"1979"
"AT";"24";1,08673282508241;NA;"1979"
"AU";"24";0,79831550828065;NA;"1979"
"BB";"24";0;NA;"1979"
"BE";"24";0,981604176291625;NA;"1979"
"BG";"24";0,415236900420183;NA;"1979"
"BR";"24";0,523272455300497;NA;"1979"
"BS";"24";0;NA;"1979"
"CA";"24";1,2300155674009;NA;"1979"
"CH";"24";0,905009808439486;NA;"1979"
"CS";"24";4,35229788218191;NA;"1979"
"DD";"24";1,17512042818912;NA;"1979"
"DE";"24";0,960339693551879;NA;"1979"
"DK";"24";1,5981637823372;NA;"1979"
"ES";"24";0;NA;"1979"
"FI";"24";1,01771399669958;NA;"1979"
"FR";"24";0,734450267618198;NA;"1979"
"GB";"24";0,71194038771258;NA;"1979"
"HK";"24";0;NA;"1979"
"HU";"24";1,33173212623427;NA;"1979"
"IE";"24";0;NA;"1979"
"IL";"24";1,15965831729189;NA;"1979"
"IN";"24";0,210218323468536;NA;"1979"
"IR";"24";0;NA;"1979"
"IT";"24";0,645417261461265;NA;"1979"
"JP";"24";1,06335977476065;NA;"1979"
"KR";"24";1,16348557246447;NA;"1979"
"LI";"24";0;NA;"1979"
"LU";"24";1,25012811509481;NA;"1979"
"LY";"24";0;NA;"1979"
"MX";"24";0;NA;"1979"
"MY";"24";0;NA;"1979"
"NL";"24";1,58410842035298;NA;"1979"
"NO";"24";1,11703462755619;NA;"1979"
"NZ";"24";0,347668765736425;NA;"1979"
"PL";"24";1,09936580939076;NA;"1979"
"RO";"24";0,729322220753525;NA;"1979"
"SE";"24";1,16389713439318;NA;"1979"
"SG";"24";0;NA;"1979"
"ST";"24";0;NA;"1979"
"SU";"24";1,02481432690911;NA;"1979"
"TW";"24";1,09824339083095;NA;"1979"
"US";"24";0,852939845000704;NA;"1979"
"ZA";"24";0,29825391578404;NA;"1979"
"PE";"24";0;NA;"1979"
"GR";"24";0;NA;"1979"
"VE";"24";0;NA;"1979"
"CR";"24";0;NA;"1979"
"ID";"24";0;NA;"1979"
"IS";"24";0;NA;"1979"
"KY";"24";0;NA;"1979"
"MU";"24";0;NA;"1979"
"PK";"24";0;NA;"1979"
"RU";"24";0;NA;"1979"
"YU";"24";0;NA;"1979"
"TR";"24";0;NA;"1979"
"GT";"24";0;NA;"1979"
"CO";"24";0;NA;"1979"
"CZ";"24";0;NA;"1979"
"KP";"24";0;NA;"1979"
"MC";"24";0;NA;"1979"
"BM";"24";0;NA;"1979"
"IQ";"24";58,7560214094558;NA;"1979"
"KE";"24";0;NA;"1979"
"LB";"24";0;NA;"1979"
"PA";"24";0;NA;"1979"
"PT";"24";0;NA;"1979"
"BO";"24";0;NA;"1979"
"EG";"24";0;NA;"1979"
"CU";"24";0;NA;"1979"
"BH";"24";0;NA;"1979"
"TT";"24";0;NA;"1979"
"NG";"24";0;NA;"1979"
"SV";"24";0;NA;"1979"
"VN";"24";0;NA;"1979"
"CL";"24";0;NA;"1979"
"MA";"24";58,7560214094558;NA;"1979"
"SN";"24";0;NA;"1979"
"EC";"24";0;NA;"1979"
"SA";"24";0;NA;"1979"
"CN";"24";0;NA;"1979"
"PY";"24";0;NA;"1979"
"TH";"24";0;NA;"1979"
"TZ";"24";0;NA;"1979"
"HT";"24";0;NA;"1979"
"PH";"24";0;NA;"1979"
"LA";"24";0;NA;"1979"
"AE";"24";0;NA;"1979"
"AR";"25";1,76684952452486;NA;"1979"
"AT";"25";1,00651600533969;NA;"1979"
"AU";"25";1,72843975225258;NA;"1979"
"BB";"25";0;NA;"1979"
"BE";"25";1,12167535447163;NA;"1979"
"BG";"25";1,04887180254479;NA;"1979"
"BR";"25";1,5735301109;NA;"1979"
"BS";"25";10,6010971471492;NA;"1979"
"CA";"25";1,64937920335564;NA;"1979"
"CH";"25";1,47516583524706;NA;"1979"
"CS";"25";0;NA;"1979"
"DD";"25";0;NA;"1979"
"DE";"25";1,19524196009822;NA;"1979"
"DK";"25";1,97887146746784;NA;"1979"
"ES";"25";0,904971707683465;NA;"1979"
"FI";"25";2,17081742967027;NA;"1979"
"FR";"25";1,26057917999754;NA;"1979"
"GB";"25";0,952058617634208;NA;"1979"
"HK";"25";0;NA;"1979"
"HU";"25";0,874614542511853;NA;"1979"
"IE";"25";2,35579936603315;NA;"1979"
"IL";"25";0,650944561667054;NA;"1979"
"IN";"25";0,929255384991608;NA;"1979"
"IR";"25";0;NA;"1979"
"IT";"25";1,61088987642047;NA;"1979"
"JP";"25";0,827211457083585;NA;"1979"
"KR";"25";0,353758650674944;NA;"1979"
"LI";"25";0,515331111319751;NA;"1979"
"LU";"25";2,63147801524979;NA;"1979"
"LY";"25";0;NA;"1979"
"MX";"25";1,83228839580356;NA;"1979"
"MY";"25";0;NA;"1979"
"NL";"25";1,57630692874277;NA;"1979"
"NO";"25";1,88105652801126;NA;"1979"
"NZ";"25";0,73183116400438;NA;"1979"
"PL";"25";1,27568758122927;NA;"1979"
"RO";"25";0,729219508958282;NA;"1979"
"SE";"25";2,1787185859546;NA;"1979"
"SG";"25";0;NA;"1979"
"ST";"25";0;NA;"1979"
"SU";"25";0,826926667001461;NA;"1979"
"TW";"25";1,38705943981391;NA;"1979"
"US";"25";1,08503906529966;NA;"1979"
"ZA";"25";1,84158935212743;NA;"1979"
"PE";"25";0;NA;"1979"
"GR";"25";0;NA;"1979"
"VE";"25";1,17789968301657;NA;"1979"
"CR";"25";0;NA;"1979"
"ID";"25";0;NA;"1979"
"IS";"25";0;NA;"1979"
"KY";"25";0;NA;"1979"
"MU";"25";0;NA;"1979"
"PK";"25";0;NA;"1979"
"RU";"25";0;NA;"1979"
"YU";"25";1,90276102641139;NA;"1979"
"TR";"25";0;NA;"1979"
"GT";"25";0;NA;"1979"
"CO";"25";0;NA;"1979"
"CZ";"25";0;NA;"1979"
"KP";"25";0;NA;"1979"
"MC";"25";8,24529778111601;NA;"1979"
"BM";"25";0;NA;"1979"
"IQ";"25";0;NA;"1979"
"KE";"25";0;NA;"1979"
"LB";"25";0;NA;"1979"
"PA";"25";0;NA;"1979"
"PT";"25";4,12264889055801;NA;"1979"
"BO";"25";0;NA;"1979"
"EG";"25";0;NA;"1979"
"CU";"25";0;NA;"1979"
"BH";"25";0;NA;"1979"
"TT";"25";0;NA;"1979"
"NG";"25";0;NA;"1979"
"SV";"25";0;NA;"1979"
"VN";"25";0;NA;"1979"
"CL";"25";0;NA;"1979"
"MA";"25";0;NA;"1979"
"SN";"25";0;NA;"1979"
"EC";"25";24,735893343348;NA;"1979"
"SA";"25";0;NA;"1979"
"CN";"25";0;NA;"1979"
"PY";"25";0;NA;"1979"
"TH";"25";0;NA;"1979"
"TZ";"25";0;NA;"1979"
"HT";"25";0;NA;"1979"
"PH";"25";0;NA;"1979"
"LA";"25";0;NA;"1979"
"AE";"25";0;NA;"1979"
"AR";"26";0,722462925587926;NA;"1979"
"AT";"26";1,29704811301605;NA;"1979"
"AU";"26";1,09940010415554;NA;"1979"
"BB";"26";0;NA;"1979"
"BE";"26";1,01386205309236;NA;"1979"
"BG";"26";1,55469936990476;NA;"1979"
"BR";"26";1,00372711799239;NA;"1979"
"BS";"26";2,8898517023517;NA;"1979"
"CA";"26";0,999880846810969;NA;"1979"
"CH";"26";1,04660111021189;NA;"1979"
"CS";"26";0,749220811720812;NA;"1979"
"DD";"26";1,61831695331695;NA;"1979"
"DE";"26";0,992554785951708;NA;"1979"
"DK";"26";0,614960442260442;NA;"1979"
"ES";"26";1,23347328758914;NA;"1979"
"FI";"26";1,42490378395402;NA;"1979"
"FR";"26";0,632155059889435;NA;"1979"
"GB";"26";0,937193531411279;NA;"1979"
"HK";"26";0;NA;"1979"
"HU";"26";0,696917998935225;NA;"1979"
"IE";"26";4,8164195039195;NA;"1979"
"IL";"26";1,46393803342817;NA;"1979"
"IN";"26";1,12182078606497;NA;"1979"
"IR";"26";0;NA;"1979"
"IT";"26";1,12691745474209;NA;"1979"
"JP";"26";0,983566021944114;NA;"1979"
"KR";"26";0,645368421977333;NA;"1979"
"LI";"26";1,26431011977887;NA;"1979"
"LU";"26";1,07600861257776;NA;"1979"
"LY";"26";0;NA;"1979"
"MX";"26";0,499480541147208;NA;"1979"
"MY";"26";0;NA;"1979"
"NL";"26";0,694131046153105;NA;"1979"
"NO";"26";0,769162050055586;NA;"1979"
"NZ";"26";0,957583996045535;NA;"1979"
"PL";"26";1,8893087072922;NA;"1979"
"RO";"26";1,49088547871519;NA;"1979"
"SE";"26";1,30232439646129;NA;"1979"
"SG";"26";0;NA;"1979"
"ST";"26";0;NA;"1979"
"SU";"26";2,58742536140792;NA;"1979"
"TW";"26";1,51244575076351;NA;"1979"
"US";"26";0,867242653956841;NA;"1979"
"ZA";"26";0,753023963049344;NA;"1979"
"PE";"26";0;NA;"1979"
"GR";"26";1,83899653786017;NA;"1979"
"VE";"26";0;NA;"1979"
"CR";"26";0;NA;"1979"
"ID";"26";0;NA;"1979"
"IS";"26";0;NA;"1979"
"KY";"26";0;NA;"1979"
"MU";"26";0;NA;"1979"
"PK";"26";0;NA;"1979"
"RU";"26";0;NA;"1979"
"YU";"26";0;NA;"1979"
"TR";"26";0;NA;"1979"
"GT";"26";0;NA;"1979"
"CO";"26";0;NA;"1979"
"CZ";"26";2,8898517023517;NA;"1979"
"KP";"26";0;NA;"1979"
"MC";"26";0;NA;"1979"
"BM";"26";0;NA;"1979"
"IQ";"26";0;NA;"1979"
"KE";"26";0;NA;"1979"
"LB";"26";0;NA;"1979"
"PA";"26";0;NA;"1979"
"PT";"26";0;NA;"1979"
"BO";"26";0;NA;"1979"
"EG";"26";0;NA;"1979"
"CU";"26";0;NA;"1979"
"BH";"26";0;NA;"1979"
"TT";"26";10,114480958231;NA;"1979"
"NG";"26";0;NA;"1979"
"SV";"26";0;NA;"1979"
"VN";"26";0;NA;"1979"
"CL";"26";0;NA;"1979"
"MA";"26";0;NA;"1979"
"SN";"26";0;NA;"1979"
"EC";"26";0;NA;"1979"
"SA";"26";0;NA;"1979"
"CN";"26";0;NA;"1979"
"PY";"26";0;NA;"1979"
"TH";"26";0;NA;"1979"
"TZ";"26";0;NA;"1979"
"HT";"26";0;NA;"1979"
"PH";"26";0;NA;"1979"
"LA";"26";0;NA;"1979"
"AE";"26";0;NA;"1979"
"AR";"27";5,28121074435387;NA;"1979"
"AT";"27";1,18517922992898;NA;"1979"
"AU";"27";0,73669062919429;NA;"1979"
"BB";"27";0;NA;"1979"
"BE";"27";0,705842008791925;NA;"1979"
"BG";"27";0,391891963361948;NA;"1979"
"BR";"27";1,6095971677731;NA;"1979"
"BS";"27";0;NA;"1979"
"CA";"27";0,788240409605055;NA;"1979"
"CH";"27";0,642422160055684;NA;"1979"
"CS";"27";1,82560371409763;NA;"1979"
"DD";"27";0,492913002806361;NA;"1979"
"DE";"27";1,2204536179876;NA;"1979"
"DK";"27";1,22242424695978;NA;"1979"
"ES";"27";0,601113418056538;NA;"1979"
"FI";"27";0,882234589318545;NA;"1979"
"FR";"27";0,734629956105634;NA;"1979"
"GB";"27";0,685089348162797;NA;"1979"
"HK";"27";0;NA;"1979"
"HU";"27";0,469228153170153;NA;"1979"
"IE";"27";0;NA;"1979"
"IL";"27";0,324284870267343;NA;"1979"
"IN";"27";0,617243473997232;NA;"1979"
"IR";"27";0;NA;"1979"
"IT";"27";0,937868993178051;NA;"1979"
"JP";"27";1,05108920757901;NA;"1979"
"KR";"27";0,840500719856831;NA;"1979"
"LI";"27";0;NA;"1979"
"LU";"27";0,262187767450192;NA;"1979"
"LY";"27";0;NA;"1979"
"MX";"27";0,912801857048817;NA;"1979"
"MY";"27";0;NA;"1979"
"NL";"27";0,24162402098351;NA;"1979"
"NO";"27";0,843387267159173;NA;"1979"
"NZ";"27";0,729161246754972;NA;"1979"
"PL";"27";0,573515129051426;NA;"1979"
"RO";"27";0,439759467205055;NA;"1979"
"SE";"27";0,802051578673244;NA;"1979"
"SG";"27";0;NA;"1979"
"ST";"27";8,21521671343935;NA;"1979"
"SU";"27";0,967198479343877;NA;"1979"
"TW";"27";0,460666357762954;NA;"1979"
"US";"27";0,860086183798027;NA;"1979"
"ZA";"27";0,667225722918932;NA;"1979"
"PE";"27";0;NA;"1979"
"GR";"27";2,24051364911982;NA;"1979"
"VE";"27";0;NA;"1979"
"CR";"27";0;NA;"1979"
"ID";"27";0;NA;"1979"
"IS";"27";0;NA;"1979"
"KY";"27";0;NA;"1979"
"MU";"27";0;NA;"1979"
"PK";"27";0;NA;"1979"
"RU";"27";0;NA;"1979"
"YU";"27";0;NA;"1979"
"TR";"27";0;NA;"1979"
"GT";"27";0;NA;"1979"
"CO";"27";0;NA;"1979"
"CZ";"27";0;NA;"1979"
"KP";"27";0;NA;"1979"
"MC";"27";0;NA;"1979"
"BM";"27";0;NA;"1979"
"IQ";"27";0;NA;"1979"
"KE";"27";0;NA;"1979"
"LB";"27";0;NA;"1979"
"PA";"27";0;NA;"1979"
"PT";"27";8,21521671343935;NA;"1979"
"BO";"27";0;NA;"1979"
"EG";"27";0;NA;"1979"
"CU";"27";0;NA;"1979"
"BH";"27";0;NA;"1979"
"TT";"27";0;NA;"1979"
"NG";"27";0;NA;"1979"
"SV";"27";0;NA;"1979"
"VN";"27";0;NA;"1979"
"CL";"27";0;NA;"1979"
"MA";"27";0;NA;"1979"
"SN";"27";0;NA;"1979"
"EC";"27";0;NA;"1979"
"SA";"27";0;NA;"1979"
"CN";"27";4,92913002806361;NA;"1979"
"PY";"27";24,6456501403181;NA;"1979"
"TH";"27";0;NA;"1979"
"TZ";"27";0;NA;"1979"
"HT";"27";0;NA;"1979"
"PH";"27";0;NA;"1979"
"LA";"27";0;NA;"1979"
"AE";"27";0;NA;"1979"
"AR";"28";0;NA;"1979"
"AT";"28";0,945419443917679;NA;"1979"
"AU";"28";0,400676823274058;NA;"1979"
"BB";"28";0;NA;"1979"
"BE";"28";0,914958435581429;NA;"1979"
"BG";"28";0,703378960433046;NA;"1979"
"BR";"28";0,787895799048835;NA;"1979"
"BS";"28";0;NA;"1979"
"CA";"28";0,82313108040081;NA;"1979"
"CH";"28";1,84020167554872;NA;"1979"
"CS";"28";2,18443068096079;NA;"1979"
"DD";"28";3,53877770315648;NA;"1979"
"DE";"28";1,05389075238856;NA;"1979"
"DK";"28";0,566204432505037;NA;"1979"
"ES";"28";0,719263760804163;NA;"1979"
"FI";"28";1,56643354835641;NA;"1979"
"FR";"28";0,793956535964595;NA;"1979"
"GB";"28";0,777707145502434;NA;"1979"
"HK";"28";0;NA;"1979"
"HU";"28";0,320832067375928;NA;"1979"
"IE";"28";0;NA;"1979"
"IL";"28";0,38802387096014;NA;"1979"
"IN";"28";1,37161926478933;NA;"1979"
"IR";"28";0;NA;"1979"
"IT";"28";1,56183794274266;NA;"1979"
"JP";"28";1,06141209479893;NA;"1979"
"KR";"28";1,71942811026122;NA;"1979"
"LI";"28";0;NA;"1979"
"LU";"28";0,313721427584794;NA;"1979"
"LY";"28";0;NA;"1979"
"MX";"28";1,82035890080066;NA;"1979"
"MY";"28";0;NA;"1979"
"NL";"28";0,939626432619164;NA;"1979"
"NO";"28";0,224257142151868;NA;"1979"
"NZ";"28";0,174495941970241;NA;"1979"
"PL";"28";0,751155644537932;NA;"1979"
"RO";"28";0,800731960243579;NA;"1979"
"SE";"28";1,11616912580398;NA;"1979"
"SG";"28";0;NA;"1979"
"ST";"28";0;NA;"1979"
"SU";"28";2,10029199920867;NA;"1979"
"TW";"28";0;NA;"1979"
"US";"28";0,779715175448489;NA;"1979"
"ZA";"28";0,648676115919829;NA;"1979"
"PE";"28";0;NA;"1979"
"GR";"28";0;NA;"1979"
"VE";"28";0;NA;"1979"
"CR";"28";0;NA;"1979"
"ID";"28";0;NA;"1979"
"IS";"28";0;NA;"1979"
"KY";"28";0;NA;"1979"
"MU";"28";0;NA;"1979"
"PK";"28";0;NA;"1979"
"RU";"28";0;NA;"1979"
"YU";"28";0;NA;"1979"
"TR";"28";0;NA;"1979"
"GT";"28";0;NA;"1979"
"CO";"28";0;NA;"1979"
"CZ";"28";4,21283059899581;NA;"1979"
"KP";"28";0;NA;"1979"
"MC";"28";0;NA;"1979"
"BM";"28";0;NA;"1979"
"IQ";"28";0;NA;"1979"
"KE";"28";0;NA;"1979"
"LB";"28";0;NA;"1979"
"PA";"28";0;NA;"1979"
"PT";"28";0;NA;"1979"
"BO";"28";0;NA;"1979"
"EG";"28";0;NA;"1979"
"CU";"28";0;NA;"1979"
"BH";"28";0;NA;"1979"
"TT";"28";0;NA;"1979"
"NG";"28";0;NA;"1979"
"SV";"28";0;NA;"1979"
"VN";"28";0;NA;"1979"
"CL";"28";0;NA;"1979"
"MA";"28";0;NA;"1979"
"SN";"28";0;NA;"1979"
"EC";"28";0;NA;"1979"
"SA";"28";0;NA;"1979"
"CN";"28";0;NA;"1979"
"PY";"28";0;NA;"1979"
"TH";"28";0;NA;"1979"
"TZ";"28";29,4898141929707;NA;"1979"
"HT";"28";0;NA;"1979"
"PH";"28";0;NA;"1979"
"LA";"28";0;NA;"1979"
"AE";"28";0;NA;"1979"
"AR";"29";1,52563553187793;NA;"1979"
"AT";"29";0,948113820057309;NA;"1979"
"AU";"29";1,94021040467085;NA;"1979"
"BB";"29";0;NA;"1979"
"BE";"29";1,12146955565251;NA;"1979"
"BG";"29";0,962282482120886;NA;"1979"
"BR";"29";1,59421796036778;NA;"1979"
"BS";"29";0;NA;"1979"
"CA";"29";1,37038089837611;NA;"1979"
"CH";"29";0,97852768711286;NA;"1979"
"CS";"29";1,58214055157711;NA;"1979"
"DD";"29";2,99024564248075;NA;"1979"
"DE";"29";1,06462009907087;NA;"1979"
"DK";"29";2,69976463721119;NA;"1979"
"ES";"29";1,82332051370777;NA;"1979"
"FI";"29";2,0717637245825;NA;"1979"
"FR";"29";1,5608425056905;NA;"1979"
"GB";"29";1,15700371056174;NA;"1979"
"HK";"29";2,66986218078638;NA;"1979"
"HU";"29";1,27804826061216;NA;"1979"
"IE";"29";4,06836141834115;NA;"1979"
"IL";"29";1,54570968361317;NA;"1979"
"IN";"29";0,91701885279246;NA;"1979"
"IR";"29";0;NA;"1979"
"IT";"29";1,58369227828521;NA;"1979"
"JP";"29";0,86203649597336;NA;"1979"
"KR";"29";0,422948464282991;NA;"1979"
"LI";"29";1,77990812052425;NA;"1979"
"LU";"29";2,49944544584257;NA;"1979"
"LY";"29";0;NA;"1979"
"MX";"29";1,31845045964759;NA;"1979"
"MY";"29";0;NA;"1979"
"NL";"29";1,51815692632951;NA;"1979"
"NO";"29";2,51758867237651;NA;"1979"
"NZ";"29";1,39022409413729;NA;"1979"
"PL";"29";0,826146033299936;NA;"1979"
"RO";"29";1,02734805404969;NA;"1979"
"SE";"29";1,51106455226679;NA;"1979"
"SG";"29";3,05127106375586;NA;"1979"
"ST";"29";0;NA;"1979"
"SU";"29";0,620898181578228;NA;"1979"
"TW";"29";1,19769518390417;NA;"1979"
"US";"29";1,1610403260071;NA;"1979"
"ZA";"29";1,3371898570436;NA;"1979"
"PE";"29";0;NA;"1979"
"GR";"29";0;NA;"1979"
"VE";"29";2,03418070917058;NA;"1979"
"CR";"29";12,4593568436698;NA;"1979"
"ID";"29";0;NA;"1979"
"IS";"29";0;NA;"1979"
"KY";"29";0;NA;"1979"
"MU";"29";0;NA;"1979"
"PK";"29";0;NA;"1979"
"RU";"29";0;NA;"1979"
"YU";"29";1,64299211125316;NA;"1979"
"TR";"29";0;NA;"1979"
"GT";"29";0;NA;"1979"
"CO";"29";0;NA;"1979"
"CZ";"29";6,10254212751173;NA;"1979"
"KP";"29";0;NA;"1979"
"MC";"29";0;NA;"1979"
"BM";"29";0;NA;"1979"
"IQ";"29";0;NA;"1979"
"KE";"29";0;NA;"1979"
"LB";"29";0;NA;"1979"
"PA";"29";0;NA;"1979"
"PT";"29";0;NA;"1979"
"BO";"29";0;NA;"1979"
"EG";"29";0;NA;"1979"
"CU";"29";0;NA;"1979"
"BH";"29";0;NA;"1979"
"TT";"29";0;NA;"1979"
"NG";"29";0;NA;"1979"
"SV";"29";0;NA;"1979"
"VN";"29";0;NA;"1979"
"CL";"29";0;NA;"1979"
"MA";"29";0;NA;"1979"
"SN";"29";0;NA;"1979"
"EC";"29";0;NA;"1979"
"SA";"29";0;NA;"1979"
"CN";"29";0;NA;"1979"
"PY";"29";0;NA;"1979"
"TH";"29";0;NA;"1979"
"TZ";"29";0;NA;"1979"
"HT";"29";0;NA;"1979"
"PH";"29";0;NA;"1979"
"LA";"29";0;NA;"1979"
"AE";"29";0;NA;"1979"
"AR";"30";0;NA;"1979"
"AT";"30";1,44180160033826;NA;"1979"
"AU";"30";0,955623649782877;NA;"1979"
"BB";"30";0;NA;"1979"
"BE";"30";0,66095401839398;NA;"1979"
"BG";"30";0,407744013114072;NA;"1979"
"BR";"30";0,809078479400567;NA;"1979"
"BS";"30";0;NA;"1979"
"CA";"30";1,08554697367466;NA;"1979"
"CH";"30";0,923618560722218;NA;"1979"
"CS";"30";0;NA;"1979"
"DD";"30";1,84626489138052;NA;"1979"
"DE";"30";1,10566734749947;NA;"1979"
"DK";"30";2,06781667834618;NA;"1979"
"ES";"30";2,25154255046405;NA;"1979"
"FI";"30";2,13194560205603;NA;"1979"
"FR";"30";1,28705965985661;NA;"1979"
"GB";"30";0,789564458181262;NA;"1979"
"HK";"30";0;NA;"1979"
"HU";"30";0,697440651020142;NA;"1979"
"IE";"30";2,93057919266749;NA;"1979"
"IL";"30";1,82197193228341;NA;"1979"
"IN";"30";1,2110264642329;NA;"1979"
"IR";"30";0;NA;"1979"
"IT";"30";1,71419912760582;NA;"1979"
"JP";"30";0,993728534994607;NA;"1979"
"KR";"30";0,677031496655856;NA;"1979"
"LI";"30";2,56425679358405;NA;"1979"
"LU";"30";1,63675965547918;NA;"1979"
"LY";"30";0;NA;"1979"
"MX";"30";0,569834843018679;NA;"1979"
"MY";"30";0;NA;"1979"
"NL";"30";1,43296703170874;NA;"1979"
"NO";"30";1,52100402965442;NA;"1979"
"NZ";"30";0,364154810923179;NA;"1979"
"PL";"30";0,866041445380275;NA;"1979"
"RO";"30";0,692289654125097;NA;"1979"
"SE";"30";1,80686223304543;NA;"1979"
"SG";"30";0;NA;"1979"
"ST";"30";0;NA;"1979"
"SU";"30";0,581430319475454;NA;"1979"
"TW";"30";0;NA;"1979"
"US";"30";0,84640422481678;NA;"1979"
"ZA";"30";1,09338868355868;NA;"1979"
"PE";"30";0;NA;"1979"
"GR";"30";0;NA;"1979"
"VE";"30";10,2570271743362;NA;"1979"
"CR";"30";0;NA;"1979"
"ID";"30";0;NA;"1979"
"IS";"30";0;NA;"1979"
"KY";"30";0;NA;"1979"
"MU";"30";0;NA;"1979"
"PK";"30";0;NA;"1979"
"RU";"30";0;NA;"1979"
"YU";"30";2,36700627100066;NA;"1979"
"TR";"30";30,7710815230086;NA;"1979"
"GT";"30";0;NA;"1979"
"CO";"30";0;NA;"1979"
"CZ";"30";0;NA;"1979"
"KP";"30";0;NA;"1979"
"MC";"30";0;NA;"1979"
"BM";"30";0;NA;"1979"
"IQ";"30";0;NA;"1979"
"KE";"30";0;NA;"1979"
"LB";"30";0;NA;"1979"
"PA";"30";0;NA;"1979"
"PT";"30";5,12851358716811;NA;"1979"
"BO";"30";0;NA;"1979"
"EG";"30";0;NA;"1979"
"CU";"30";0;NA;"1979"
"BH";"30";0;NA;"1979"
"TT";"30";0;NA;"1979"
"NG";"30";0;NA;"1979"
"SV";"30";0;NA;"1979"
"VN";"30";0;NA;"1979"
"CL";"30";0;NA;"1979"
"MA";"30";0;NA;"1979"
"SN";"30";0;NA;"1979"
"EC";"30";0;NA;"1979"
"SA";"30";0;NA;"1979"
"CN";"30";0;NA;"1979"
"PY";"30";0;NA;"1979"
"TH";"30";0;NA;"1979"
"TZ";"30";0;NA;"1979"
"HT";"30";0;NA;"1979"
"PH";"30";10,2570271743362;NA;"1979"
"LA";"30";0;NA;"1979"
"AE";"30";0;NA;"1979"
"AR";"31";0,97425524361743;NA;"1979"
"AT";"31";0,975456544780954;NA;"1979"
"AU";"31";1,60963909815054;NA;"1979"
"BB";"31";0;NA;"1979"
"BE";"31";0,781264348103715;NA;"1979"
"BG";"31";0,650651028422948;NA;"1979"
"BR";"31";1,85100232884058;NA;"1979"
"BS";"31";0;NA;"1979"
"CA";"31";1,27961882743782;NA;"1979"
"CH";"31";1,13124424021929;NA;"1979"
"CS";"31";1,01033877115882;NA;"1979"
"DD";"31";0,545582936425761;NA;"1979"
"DE";"31";1,48887028473952;NA;"1979"
"DK";"31";1,52763222199213;NA;"1979"
"ES";"31";1,99603513326498;NA;"1979"
"FI";"31";1,4805079683609;NA;"1979"
"FR";"31";1,53445200869745;NA;"1979"
"GB";"31";1,59436210929838;NA;"1979"
"HK";"31";0;NA;"1979"
"HU";"31";0,741953222700491;NA;"1979"
"IE";"31";0;NA;"1979"
"IL";"31";1,07680842715611;NA;"1979"
"IN";"31";1,31759743143967;NA;"1979"
"IR";"31";0;NA;"1979"
"IT";"31";1,55177571168567;NA;"1979"
"JP";"31";0,760576327729875;NA;"1979"
"KR";"31";0,930311937799703;NA;"1979"
"LI";"31";4,54652447021467;NA;"1979"
"LU";"31";0;NA;"1979"
"LY";"31";0;NA;"1979"
"MX";"31";1,68389795193136;NA;"1979"
"MY";"31";0;NA;"1979"
"NL";"31";1,3372130794749;NA;"1979"
"NO";"31";1,24467590059109;NA;"1979"
"NZ";"31";2,9054712590721;NA;"1979"
"PL";"31";1,32964394883637;NA;"1979"
"RO";"31";0,846521235726549;NA;"1979"
"SE";"31";1,89130271558983;NA;"1979"
"SG";"31";0;NA;"1979"
"ST";"31";4,54652447021467;NA;"1979"
"SU";"31";0,555098917875048;NA;"1979"
"TW";"31";1,52967178437129;NA;"1979"
"US";"31";1,17808786650353;NA;"1979"
"ZA";"31";1,523201091544;NA;"1979"
"PE";"31";0;NA;"1979"
"GR";"31";4,95984487659783;NA;"1979"
"VE";"31";1,29900699148991;NA;"1979"
"CR";"31";0;NA;"1979"
"ID";"31";0;NA;"1979"
"IS";"31";0;NA;"1979"
"KY";"31";0;NA;"1979"
"MU";"31";0;NA;"1979"
"PK";"31";0;NA;"1979"
"RU";"31";0;NA;"1979"
"YU";"31";2,09839590932985;NA;"1979"
"TR";"31";0;NA;"1979"
"GT";"31";0;NA;"1979"
"CO";"31";0;NA;"1979"
"CZ";"31";0;NA;"1979"
"KP";"31";0;NA;"1979"
"MC";"31";0;NA;"1979"
"BM";"31";0;NA;"1979"
"IQ";"31";0;NA;"1979"
"KE";"31";0;NA;"1979"
"LB";"31";0;NA;"1979"
"PA";"31";0;NA;"1979"
"PT";"31";0;NA;"1979"
"BO";"31";0;NA;"1979"
"EG";"31";0;NA;"1979"
"CU";"31";0;NA;"1979"
"BH";"31";0;NA;"1979"
"TT";"31";0;NA;"1979"
"NG";"31";0;NA;"1979"
"SV";"31";0;NA;"1979"
"VN";"31";0;NA;"1979"
"CL";"31";0;NA;"1979"
"MA";"31";0;NA;"1979"
"SN";"31";0;NA;"1979"
"EC";"31";0;NA;"1979"
"SA";"31";0;NA;"1979"
"CN";"31";0;NA;"1979"
"PY";"31";0;NA;"1979"
"TH";"31";0;NA;"1979"
"TZ";"31";0;NA;"1979"
"HT";"31";0;NA;"1979"
"PH";"31";0;NA;"1979"
"LA";"31";27,2791468212881;NA;"1979"
"AE";"31";0;NA;"1979"
"AR";"32";2,82676461331579;NA;"1979"
"AT";"32";1,56151732030268;NA;"1979"
"AU";"32";1,94596114684782;NA;"1979"
"BB";"32";0;NA;"1979"
"BE";"32";0,944503689413389;NA;"1979"
"BG";"32";0,582666439729402;NA;"1979"
"BR";"32";1,65593901011883;NA;"1979"
"BS";"32";0;NA;"1979"
"CA";"32";1,43703456597329;NA;"1979"
"CH";"32";0,906529567935394;NA;"1979"
"CS";"32";1,95430639932943;NA;"1979"
"DD";"32";0;NA;"1979"
"DE";"32";1,80701725443251;NA;"1979"
"DK";"32";1,01311243741238;NA;"1979"
"ES";"32";1,28698226297304;NA;"1979"
"FI";"32";2,01072402055719;NA;"1979"
"FR";"32";1,53478822274261;NA;"1979"
"GB";"32";1,31633609933451;NA;"1979"
"HK";"32";0;NA;"1979"
"HU";"32";0,621905300239919;NA;"1979"
"IE";"32";0;NA;"1979"
"IL";"32";0,173573265729917;NA;"1979"
"IN";"32";1,41591071865549;NA;"1979"
"IR";"32";0;NA;"1979"
"IT";"32";1,72851462427941;NA;"1979"
"JP";"32";0,705319513362877;NA;"1979"
"KR";"32";0,377316582048752;NA;"1979"
"LI";"32";0;NA;"1979"
"LU";"32";1,68402998240089;NA;"1979"
"LY";"32";0;NA;"1979"
"MX";"32";0,651435466443144;NA;"1979"
"MY";"32";0;NA;"1979"
"NL";"32";0,581980949800309;NA;"1979"
"NO";"32";2,55806075273444;NA;"1979"
"NZ";"32";1,0927926315777;NA;"1979"
"PL";"32";1,05366613888375;NA;"1979"
"RO";"32";0,491229847465272;NA;"1979"
"SE";"32";1,74518801029613;NA;"1979"
"SG";"32";0;NA;"1979"
"ST";"32";0;NA;"1979"
"SU";"32";0,421823401599449;NA;"1979"
"TW";"32";1,23285684069847;NA;"1979"
"US";"32";1,20269198922453;NA;"1979"
"ZA";"32";1,42852853555045;NA;"1979"
"PE";"32";0;NA;"1979"
"GR";"32";7,19540083389473;NA;"1979"
"VE";"32";0;NA;"1979"
"CR";"32";0;NA;"1979"
"ID";"32";0;NA;"1979"
"IS";"32";0;NA;"1979"
"KY";"32";0;NA;"1979"
"MU";"32";0;NA;"1979"
"PK";"32";0;NA;"1979"
"RU";"32";13,1915681954737;NA;"1979"
"YU";"32";0;NA;"1979"
"TR";"32";0;NA;"1979"
"GT";"32";0;NA;"1979"
"CO";"32";0;NA;"1979"
"CZ";"32";0;NA;"1979"
"KP";"32";0;NA;"1979"
"MC";"32";0;NA;"1979"
"BM";"32";0;NA;"1979"
"IQ";"32";0;NA;"1979"
"KE";"32";0;NA;"1979"
"LB";"32";0;NA;"1979"
"PA";"32";0;NA;"1979"
"PT";"32";0;NA;"1979"
"BO";"32";0;NA;"1979"
"EG";"32";0;NA;"1979"
"CU";"32";0;NA;"1979"
"BH";"32";0;NA;"1979"
"TT";"32";0;NA;"1979"
"NG";"32";0;NA;"1979"
"SV";"32";0;NA;"1979"
"VN";"32";0;NA;"1979"
"CL";"32";26,3831363909473;NA;"1979"
"MA";"32";0;NA;"1979"
"SN";"32";0;NA;"1979"
"EC";"32";0;NA;"1979"
"SA";"32";0;NA;"1979"
"CN";"32";0;NA;"1979"
"PY";"32";0;NA;"1979"
"TH";"32";0;NA;"1979"
"TZ";"32";0;NA;"1979"
"HT";"32";0;NA;"1979"
"PH";"32";0;NA;"1979"
"LA";"32";0;NA;"1979"
"AE";"32";0;NA;"1979"
"AR";"33";3,11413441762606;NA;"1979"
"AT";"33";3,33300699691667;NA;"1979"
"AU";"33";2,52177189253415;NA;"1979"
"BB";"33";0;NA;"1979"
"BE";"33";1,24862668773551;NA;"1979"
"BG";"33";0,154056119599876;NA;"1979"
"BR";"33";3,51297606059598;NA;"1979"
"BS";"33";0;NA;"1979"
"CA";"33";1,58030701789979;NA;"1979"
"CH";"33";1,8596252920421;NA;"1979"
"CS";"33";0;NA;"1979"
"DD";"33";0;NA;"1979"
"DE";"33";1,43224329714531;NA;"1979"
"DK";"33";1,81367188482542;NA;"1979"
"ES";"33";3,19008891561694;NA;"1979"
"FI";"33";1,51031923256691;NA;"1979"
"FR";"33";1,38339432783004;NA;"1979"
"GB";"33";1,36728923824494;NA;"1979"
"HK";"33";10,8994704616912;NA;"1979"
"HU";"33";0,553372933685139;NA;"1979"
"IE";"33";2,07608961175071;NA;"1979"
"IL";"33";0,573656340089011;NA;"1979"
"IN";"33";1,09189686199411;NA;"1979"
"IR";"33";0;NA;"1979"
"IT";"33";1,67618376656844;NA;"1979"
"JP";"33";0,595488563492178;NA;"1979"
"KR";"33";0,623512061614899;NA;"1979"
"LI";"33";2,7248676154228;NA;"1979"
"LU";"33";0,463807253688988;NA;"1979"
"LY";"33";0;NA;"1979"
"MX";"33";3,22947272938999;NA;"1979"
"MY";"33";0;NA;"1979"
"NL";"33";0,854860428367938;NA;"1979"
"NO";"33";2,65234262185642;NA;"1979"
"NZ";"33";2,3217806900644;NA;"1979"
"PL";"33";0,185085347462681;NA;"1979"
"RO";"33";0,0676460540679051;NA;"1979"
"SE";"33";1,69641563606089;NA;"1979"
"SG";"33";12,4565376705042;NA;"1979"
"ST";"33";0;NA;"1979"
"SU";"33";0,0633690143121582;NA;"1979"
"TW";"33";4,88948207627269;NA;"1979"
"US";"33";1,75393170311489;NA;"1979"
"ZA";"33";1,8442420408953;NA;"1979"
"PE";"33";14,5326272822549;NA;"1979"
"GR";"33";3,96344380425135;NA;"1979"
"VE";"33";0;NA;"1979"
"CR";"33";0;NA;"1979"
"ID";"33";0;NA;"1979"
"IS";"33";0;NA;"1979"
"KY";"33";0;NA;"1979"
"MU";"33";0;NA;"1979"
"PK";"33";0;NA;"1979"
"RU";"33";0;NA;"1979"
"YU";"33";0;NA;"1979"
"TR";"33";0;NA;"1979"
"GT";"33";0;NA;"1979"
"CO";"33";0;NA;"1979"
"CZ";"33";0;NA;"1979"
"KP";"33";43,5978818467648;NA;"1979"
"MC";"33";0;NA;"1979"
"BM";"33";0;NA;"1979"
"IQ";"33";0;NA;"1979"
"KE";"33";0;NA;"1979"
"LB";"33";0;NA;"1979"
"PA";"33";10,8994704616912;NA;"1979"
"PT";"33";0;NA;"1979"
"BO";"33";21,7989409233824;NA;"1979"
"EG";"33";43,5978818467648;NA;"1979"
"CU";"33";0;NA;"1979"
"BH";"33";0;NA;"1979"
"TT";"33";0;NA;"1979"
"NG";"33";0;NA;"1979"
"SV";"33";0;NA;"1979"
"VN";"33";0;NA;"1979"
"CL";"33";0;NA;"1979"
"MA";"33";0;NA;"1979"
"SN";"33";0;NA;"1979"
"EC";"33";0;NA;"1979"
"SA";"33";0;NA;"1979"
"CN";"33";17,4391527387059;NA;"1979"
"PY";"33";0;NA;"1979"
"TH";"33";0;NA;"1979"
"TZ";"33";0;NA;"1979"
"HT";"33";43,5978818467648;NA;"1979"
"PH";"33";14,5326272822549;NA;"1979"
"LA";"33";0;NA;"1979"
"AE";"33";0;NA;"1979"
"AR";"34";0;NA;"1979"
"AT";"34";0,608767857630494;NA;"1979"
"AU";"34";1,49841625488059;NA;"1979"
"BB";"34";0;NA;"1979"
"BE";"34";0,749831878448321;NA;"1979"
"BG";"34";0,396491111900362;NA;"1979"
"BR";"34";2,05570048246356;NA;"1979"
"BS";"34";0;NA;"1979"
"CA";"34";1,40938410670161;NA;"1979"
"CH";"34";1,52445508395435;NA;"1979"
"CS";"34";0;NA;"1979"
"DD";"34";0;NA;"1979"
"DE";"34";1,21245840223478;NA;"1979"
"DK";"34";1,0771870528109;NA;"1979"
"ES";"34";0,547351144720987;NA;"1979"
"FI";"34";0,932898717792352;NA;"1979"
"FR";"34";1,40258730834753;NA;"1979"
"GB";"34";1,11967055263666;NA;"1979"
"HK";"34";5,61034923339012;NA;"1979"
"HU";"34";0,36622406600552;NA;"1979"
"IE";"34";0;NA;"1979"
"IL";"34";0,59056307719896;NA;"1979"
"IN";"34";0,963494680510647;NA;"1979"
"IR";"34";0;NA;"1979"
"IT";"34";1,83123207617912;NA;"1979"
"JP";"34";0,821407161013053;NA;"1979"
"KR";"34";2,22192048847133;NA;"1979"
"LI";"34";0,93505820556502;NA;"1979"
"LU";"34";0,477476530501287;NA;"1979"
"LY";"34";0;NA;"1979"
"MX";"34";2,49348854817339;NA;"1979"
"MY";"34";0;NA;"1979"
"NL";"34";0,660041086281191;NA;"1979"
"NO";"34";0,597299538155602;NA;"1979"
"NZ";"34";1,85905063354939;NA;"1979"
"PL";"34";0,458707798956425;NA;"1979"
"RO";"34";0,417838267188093;NA;"1979"
"SE";"34";0,968464954331227;NA;"1979"
"SG";"34";6,41182769530299;NA;"1979"
"ST";"34";0;NA;"1979"
"SU";"34";0,326183094964542;NA;"1979"
"TW";"34";6,29198044866182;NA;"1979"
"US";"34";1,35965616493956;NA;"1979"
"ZA";"34";1,74670771394887;NA;"1979"
"PE";"34";0;NA;"1979"
"GR";"34";0;NA;"1979"
"VE";"34";0;NA;"1979"
"CR";"34";7,48046564452016;NA;"1979"
"ID";"34";0;NA;"1979"
"IS";"34";0;NA;"1979"
"KY";"34";0;NA;"1979"
"MU";"34";0;NA;"1979"
"PK";"34";0;NA;"1979"
"RU";"34";0;NA;"1979"
"YU";"34";3,45252260516315;NA;"1979"
"TR";"34";0;NA;"1979"
"GT";"34";0;NA;"1979"
"CO";"34";0;NA;"1979"
"CZ";"34";0;NA;"1979"
"KP";"34";0;NA;"1979"
"MC";"34";0;NA;"1979"
"BM";"34";0;NA;"1979"
"IQ";"34";0;NA;"1979"
"KE";"34";0;NA;"1979"
"LB";"34";0;NA;"1979"
"PA";"34";0;NA;"1979"
"PT";"34";0;NA;"1979"
"BO";"34";0;NA;"1979"
"EG";"34";0;NA;"1979"
"CU";"34";0;NA;"1979"
"BH";"34";0;NA;"1979"
"TT";"34";0;NA;"1979"
"NG";"34";0;NA;"1979"
"SV";"34";0;NA;"1979"
"VN";"34";0;NA;"1979"
"CL";"34";0;NA;"1979"
"MA";"34";0;NA;"1979"
"SN";"34";0;NA;"1979"
"EC";"34";0;NA;"1979"
"SA";"34";0;NA;"1979"
"CN";"34";8,97655877342419;NA;"1979"
"PY";"34";0;NA;"1979"
"TH";"34";0;NA;"1979"
"TZ";"34";0;NA;"1979"
"HT";"34";0;NA;"1979"
"PH";"34";14,9609312890403;NA;"1979"
"LA";"34";0;NA;"1979"
"AE";"34";0;NA;"1979"
"AR";"35";3,08099448030686;NA;"1979"
"AT";"35";2,07425768957774;NA;"1979"
"AU";"35";2,3274903954492;NA;"1979"
"BB";"35";0;NA;"1979"
"BE";"35";1,0294492296968;NA;"1979"
"BG";"35";0,704927182331693;NA;"1979"
"BR";"35";1,74694216292208;NA;"1979"
"BS";"35";0;NA;"1979"
"CA";"35";1,54258746707358;NA;"1979"
"CH";"35";1,62689163513834;NA;"1979"
"CS";"35";0;NA;"1979"
"DD";"35";0,86267845448592;NA;"1979"
"DE";"35";1,49883247499945;NA;"1979"
"DK";"35";2,24296398166339;NA;"1979"
"ES";"35";2,36710551535771;NA;"1979"
"FI";"35";2,21646600604061;NA;"1979"
"FR";"35";1,34793508513425;NA;"1979"
"GB";"35";1,13753039258657;NA;"1979"
"HK";"35";0;NA;"1979"
"HU";"35";1,759770192741;NA;"1979"
"IE";"35";4,10799264040914;NA;"1979"
"IL";"35";0,993215325888395;NA;"1979"
"IN";"35";1,00311448196037;NA;"1979"
"IR";"35";0;NA;"1979"
"IT";"35";1,1676110898299;NA;"1979"
"JP";"35";0,699034058208949;NA;"1979"
"KR";"35";0,427068541824713;NA;"1979"
"LI";"35";1,34793508513425;NA;"1979"
"LU";"35";1,60605031420251;NA;"1979"
"LY";"35";0;NA;"1979"
"MX";"35";2,52945843136304;NA;"1979"
"MY";"35";0;NA;"1979"
"NL";"35";2,27298857493227;NA;"1979"
"NO";"35";4,01817911309982;NA;"1979"
"NZ";"35";1,91422733983562;NA;"1979"
"PL";"35";1,70229789367898;NA;"1979"
"RO";"35";1,08755041779645;NA;"1979"
"SE";"35";2,25816079348985;NA;"1979"
"SG";"35";0;NA;"1979"
"ST";"35";3,594493560358;NA;"1979"
"SU";"35";0,909072499276587;NA;"1979"
"TW";"35";2,82184541186983;NA;"1979"
"US";"35";1,12269667755359;NA;"1979"
"ZA";"35";2,33550850622246;NA;"1979"
"PE";"35";0;NA;"1979"
"GR";"35";3,92126570220873;NA;"1979"
"VE";"35";2,05399632020457;NA;"1979"
"CR";"35";0;NA;"1979"
"ID";"35";0;NA;"1979"
"IS";"35";0;NA;"1979"
"KY";"35";0;NA;"1979"
"MU";"35";0;NA;"1979"
"PK";"35";0;NA;"1979"
"RU";"35";0;NA;"1979"
"YU";"35";0;NA;"1979"
"TR";"35";0;NA;"1979"
"GT";"35";0;NA;"1979"
"CO";"35";0;NA;"1979"
"CZ";"35";0;NA;"1979"
"KP";"35";0;NA;"1979"
"MC";"35";0;NA;"1979"
"BM";"35";0;NA;"1979"
"IQ";"35";0;NA;"1979"
"KE";"35";0;NA;"1979"
"LB";"35";0;NA;"1979"
"PA";"35";0;NA;"1979"
"PT";"35";3,594493560358;NA;"1979"
"BO";"35";0;NA;"1979"
"EG";"35";0;NA;"1979"
"CU";"35";0;NA;"1979"
"BH";"35";0;NA;"1979"
"TT";"35";0;NA;"1979"
"NG";"35";0;NA;"1979"
"SV";"35";0;NA;"1979"
"VN";"35";0;NA;"1979"
"CL";"35";0;NA;"1979"
"MA";"35";0;NA;"1979"
"SN";"35";0;NA;"1979"
"EC";"35";0;NA;"1979"
"SA";"35";0;NA;"1979"
"CN";"35";4,3133922724296;NA;"1979"
"PY";"35";0;NA;"1979"
"TH";"35";0;NA;"1979"
"TZ";"35";0;NA;"1979"
"HT";"35";0;NA;"1979"
"PH";"35";0;NA;"1979"
"LA";"35";0;NA;"1979"
"AE";"35";0;NA;"1979"
